A.;
A.A.A.;
Aaglander;
Abadal;
Abadal-Buick;
ABAM;
Abarth;
Abbey;
Abbott-Detroit;
A.B.C.;
Aberdonia;
Abingdon;
Able;
AC;
Academy;
Acadian;
Accary;
Accles-Turrell;
Ace;
Achilles;
Acrea;
Acura;
Adam;
Adami;
Adams;
Adams-Farwell;
Adamson;
Ader;
ADI;
ADK;
Adler;
AEG;
AEM;
Aero;
Aeroford;
Aerospeed;
AFM;
Africar;
AGA;
AGEA;
Ageron;
AGR;
Aguzzoli;
Aiglon;
AIL;
Ailloud;
Ailsa-Craig;
Airedale;
Airscoot;
Airway;
Aixam;
Ajams;
Ajax;
A.J.S.;
Akkumulatoren;
Aksai;
Alamagny;
Alan;
Alba;
Albany;
Albar;
Albatros;
Albert;
Albion;
Albl;
Albruna;
ALCA;
ALCO;
Alcyon;
Alda;
Alesbury;
a:level;
Alfa;
ALFA;
Alfi;
Allard;
Allard-Latour;
Alldays;
Allen;
Alliance;
Allright;
Allstate;
Allwyn;
Alma;
Almac;
Alpha;
Alphi;
Alpina;
Alpine;
Alta;
Altena;
Altmann;
Alva;
Alvarez;
Alvechurch;
Alvis;
AM;
A.M.;
Amazon;
Amber;
AMCO;
American;
Americar;
AMI;
Amilcar;
Amiot-Peneau;
AMO;
Amor;
Ampère;
Amphicar;
Amuza;
AN;
Anadol;
Anchi;
Anderheggen;
Anderson;
Andre;
André;
Andreas;
Angeli;
Angkor;
Anglo-Dane;
Angus-Sanderson;
Anhui;
Anker;
Ansaldi;
Ansaldo;
Ansbach;
Anteros;
Antoine;
Antoinette;
Antonietti;
Anzani;
Apache;
Apal;
Apex;
Apollo;
Apperson;
Aquila;
Arab;
Arabian;
Arbee;
Arbenz;
ArBenz;
Archer;
ARCO;
Arden;
Ardent;
Ardex;
AREX;
Argo;
Argon;
Argonaut;
Argonne;
Argus;
Argyll;
ARH;
Ariane;
Ariel;
Ariès;
Arimofa;
Arista;
Armstrong;
Armstrong-;hitworth
ARNA;
Arno;
Arnold;
Arnolt;
Arnolt-Bristol;
Arnott;
ARO;
Arola;
Arrol-Johnston;
Arros;
Artega;
Artés;
Arzac;
AS;
ASA;
Asardo;
Ascari;
Ascort;
Ascot;
Ashby;
Asheville;
Ashley;
Ashok;
Ashton-Evans;
Asia;
Äskulap;
ASL;
ASLK;
Asquith;
ASS;
Astatic;
Aster;
Aston;
Astra;
Astral;
Asüna;
Atalanta;
Athmac;
Atholl;
Atlantic;
Atlas;
Atlas-Knight;
Atomette;
ATS;
ATT;
Attica;
Åtvidaberg;
Auburn;
Audax;
Audi;
Audibert-Lavirotte;
Augé;
Aurea;
Aurora;
Aurore;
Austin;
Austin-Healey;
Austral;
Australian;
Australis;
Austro-Daimler;
Austro-Fiat;
Austro-Grade;
Austro-Tatra;
AUTHI;
Auto;
Autobianchi;
Autobleu;
Autocar;
Autocars;
Autocrat;
Autoette;
Autogear;
Automeccanica;
Auto-Mixte;
Automobilette;
Automotette;
Automoto;
Automotor;
Autorette;
Autotrix;
Autovia;
Autram;
Auverland;
AV;
Avanti;
Averies;
Averley;
Avolette;
Avro;
Avtokad;
A;E
A;S
Awtowelo;
A;Z
Baboulin;
Baby;
BAC;
Badenia;
Badminton;
Baer;
Baguley;
Baijah;
Bailey;
Bailleau;
Baille-Lemaire;
Baillereau;
Bailleul;
Baja;
Bajaj;
Baker;
Balaton;
Balbo;
Balboa;
Balkania;
Ballot;
Baltijas;
Balzer;
Bambino;
Bancroft;
Bandini;
Bangert;
Banner;
Bantam;
Baojun;
Barcar;
Barclay;
Bardon;
Barkas;
Barley;
Barnard;
Barré;
Barreiros;
Barron-Vialle;
Basilevski;
Bassett;
Basson's;
Batten;
Bauchet;
Baudier;
Baudouin;
Baudouin-Radia;
Baughan;
Baumann;
Baur;
B.A.;.
Bayley;
Bayliss-Thomas;
BB;
Beacon;
Bean;
Bearcat;
Beardmore;
Beatrix;
Beauford;
Beaumont;
Béchereau;
Beck;
Beckmann;
Bédélia;
Bedford;
Beechcraft;
Beeston;
BEF;
Beggs;
Bégot;
Beijing;
Beijing-Hyundai;
Beijing-Jeep;
Bekka;
Bel;
Belcar;
Belga;
Belgica;
Bell;
Bellanger;
Bellier;
Belsize;
Belsize-Bradshaw;
B.Engineering;
Benjamin;
Benois;
Benova;
Bentall;
Bentley;
Benz;
Berard;
Berg;
Bergé;
Bergmann-Metallurgique;
Berkeley;
Berliet;
Berna;
Bernardet;
Bernardi;
Berolina;
Berrien;
Bersey;
Bertone;
Bertoni;
Bertrand;
Besseyre;
Besst;
B.E.T.;
Beverley-Barnes;
BF;
B.F.;
BFB;
BGS;
Bianchi;
Bicyclic;
Biddle;
Biene;
Bifort;
Bignan;
Bij;
Bijou;
Billard;
Billings-Burns;
Bioplastic;
Biota;
Birch;
Birchfield;
Birkin;
Birmingham;
Biscúter;
Bitter;
Bizzarrini;
Bjering;
Black;
Blackburn;
Blake;
Bleichert;
Blériot;
Blériot-;hippet
Blitz;
Bloomquist;
BMC;
BMF;
BM;
B.N.C.;
Boardman;
Bob;
Bobbi-Kar;
Bobby-Alba;
Bocar;
Boes;
Bohanna;
Böhler;
Bohse;
Boissaye;
Boitel;
Bolide;
Bollée;
Bolwell;
Bond;
Bonet;
Bonnet;
Bonneville;
Borcharding;
Borderel-Cail;
Borgward;
Bory;
Bosley;
Boty’s;
Bouhey;
Boulet;
Bound;
Bour-Davis;
Bourgeois-Magnin;
Bourguignonne;
Bovy;
Bowen;
Bowler;
Bowser;
Bow-V-Car;
Boyer;
Bozier;
BPD;
Brabus;
Bradbury;
Bradford;
Bradley;
Bradwell;
Bramham;
Bramwell;
Bramwell-Robinson;
Brasier;
Brasinca;
Braun;
Bravo;
BRD;
Breese;
Breguet;
Brems;
Brennabor;
Brevetti;
Brewster;
Bricklin;
Brierre;
Briest-Armand;
Briggs;
Brilliance;
Brillié;
Briscoe;
Brissonneau;
Brissonnet;
Bristol;
Britannia;
British;
Briton;
Brixia-Züst;
Broadway;
Brocklands;
Brocklebank;
Brogan;
Brooke;
Brooks;
Brossel;
Brotherhood;
Brough;
Brouhot;
Brown;
Brulé-Ponsard;
Brush;
Brütsch;
Bryan;
BSA;
Buat;
Buc;
Bucciali;
Buchanan;
Buchet;
Buckaroo;
Buckboard;
Buckeye;
Buckingham;
Buckle;
Buckler;
Bufag;
Buffaud;
Bufori;
Bugatti;
Bugetta;
Bugre;
Buick;
Bulgarrenault;
Bullet;
Bully;
Bünger;
Burg;
Burke;
Burlat;
Burney;
Burton;
Bush;
Busson;
Busson-Bazelaire;
Busson-Dedyn;
Butterosi;
Butz;
BYD;
B.Z.;
C;
C.;
Caban;
Cadillac;
Cadix;
Caffort;
Calcott;
Caldwell;
Callaway;
Calthorpe;
Cambier;
Cambro;
Campagna;
Campion;
Canterbury;
Caparo;
Capel;
Car;
Carabela;
Carbodies;
Carbon;
Carden;
Cardi;
Cardin;
Cardway;
Caresto;
Carlette;
Carlton;
Carmel;
Car-Nation;
Caron;
Carrow;
Carter;
Cartercar;
Carteret;
Carville;
Casalini;
Case;
Casimir;
Cassell;
Castle;
Caterham;
Causan;
Cegga;
Ceirano;
Celer;
Celeritas;
Celtic;
Cemsa;
Centaur;
Century;
Certain;
Certus;
César;
CFB;
CFL;
CG;
C.G.V.;
Chaboche;
Chadwick;
Chaigneau-Brasier;
Chainless;
Chalmers;
Chambers;
Chameroy;
Chamonix;
Champion;
Champrobert;
Chandler;
Chang;
Chang’an;
Changhe;
Changhe-Suzuki;
Channon;
Chapeaux;
Chapuis-Dornier;
Charles;
Charlon;
Charron;
Charron-Laycock;
Chatenet;
Chater-Lea;
Chausson;
Checker;
Cheetah;
Chenard;
Chenglong;
Chenu;
Chery;
Cheswold;
Chevallier;
Chevrolet;
Chevron;
Chhabria;
Chic;
Chicago;
Chicagoan;
Chiltern;
China;
Chinkara;
Chiribiri;
Chota;
Christchurch-Campbell;
Christiane;
Christiansen;
Chriton;
Chrysler;
CID;
Cimos;
Cingolani;
CIP;
Cisitalia;
Citeria;
Citicar;
Cito;
Citroën;
City;
Civelli;
Cizeta;
Claeys-Flandria;
Clan;
Clarendon;
Clark;
Classic;
Claude;
Claveau;
CLC;
Clem;
Clement;
Clément;
Clément-Bayard;
Clément-Rochelle;
Clénet;
Clesse;
Cleveland;
Climax;
Climber;
Clipper;
Clúa;
Club;
Cluley;
Clyde;
Clyno;
Coadou;
Coats;
Cobra;
Cochot;
Coda;
Coey;
Cognet;
Cohendet;
Colda;
Cole;
Cole-;iedeman
Colibri;
Colin;
Colliot;
Colombe;
Colt;
Coltman;
Columbia;
Comarth;
Comet;
Cone;
Connaught;
Constantinesco;
Consulier;
Contal;
Continental;
Convair;
Cony;
Cooper;
Copeland;
Corat;
Corbin;
Cord;
Corméry;
Cornilleau;
Cornu;
Corona;
Coronet;
Corre;
Corre-La;
Corre-Le;
Corvette;
Cosmos;
Côte;
Cottereau;
Cottin;
Courier;
Cournil;
Coventry;
Coventry-Premier;
Coventry-Victor;
Covini;
Cowey;
Craig-Dorwald;
Craigievar;
Crampin-Scott;
Crawford;
Crawshay-;illiams
Crayford;
Créanche;
Cree;
Crescent;
Crespelle;
Crestmobile;
Crewford;
Cripps;
Critchley;
Crofton;
Croissant;
Crompton;
Crosley;
Cross;
Crossley;
Crouan;
Crouch;
Crow;
Crowdy;
Crow-Elkhart;
Croxted;
Croxton;
Croxton-Keeton;
CRS;
CSC;
Csonka;
CT&T;
Cubitt;
Cudell;
Cugnot;
Cumbria;
Cummikar;
Cunningham;
Cupelle;
Cushman;
Custer;
CVR;
C;S
Cyclauto;
Cycle;
Cyclops;
Cyklon;
Cyrano;
CZ;
D;
D&A;
Dacia;
Dacon;
Dacunha;
Dadi;
Daewoo;
DAF;
Dagmar;
Dagsa;
Daihatsu;
Daimler;
Daimler-Motoren-Gesellschaft;
Daisy;
Dalgliesh-Gullane;
Dalhousie;
Dalila;
Dallison;
Dana;
Dandong;
Dandy;
Dansk;
Danyang;
D’Aoust;
Darmont;
Darracq;
Darrin;
Dart;
Dasse;
Datsun;
Dauer;
D’Aux;
David;
Davis;
Davrian;
Davy;
Dawson;
Dax;
Day-Leeds;
Dayton;
Daytona;
DCV;
De;
Deasy;
Decauville;
Déchamps;
Deckert;
Deco;
Decolon;
Dedics;
Deemster;
Deep;
Défi;
Deguingand;
Dehn;
Del;
Delacour;
Delage;
Delahaye;
Delamare-Deboutteville;
Delaugère;
Delaunay-Belleville;
Delcar;
Delfín;
Delfino;
Delfosse;
Delin;
Dellow;
Delpeuch;
Delta;
Demeester;
Dennis;
Denzel;
Der;
Derby;
Derek;
Deschamps;
Deshais;
Desmoulines;
DeSoto;
Dessavia;
Detrick;
Detroit;
Detroiter;
Deutsch;
Deutsche;
Deutz;
Devaux;
Devin;
Devrim;
DE;
Dewald;
Dewcar;
De;itt
Dexter;
DFP;
DFR;
Dhumbert;
Diable;
Diablo;
Diabolo;
Diamant;
Diamond;
Diana;
Diatto;
Diavolino;
Díaz;
Dickinson;
Diederichs;
Diehlmobile;
Dietrich;
DIM;
DiMora;
Dinin;
Dino;
Dinos;
DISA;
Diva;
Dixi;
Dixie;
DK;
DK;#NAME?
DL;
DLB;
Doctoresse;
Dodge;
Dodo;
Dodson;
Dogan;
Dolo;
Dolorès;
Dolphin;
Dome;
Dongfeng;
Dongfeng-Honda;
Doninvest;
Donkervoort;
Donnerstag;
Donnet-Zédel;
Doran;
Doray;
Doré;
Dorey;
Dorner;
Dorris;
Dort;
Douglas;
DPL;
dr;
Dragon;
DRB;
DRB-HICOM;
Dri-Sleeve;
Dri.Sleeve;
D.R.K.;
Drummond;
DS-Malterre;
DSPL;
DSR;
DTL;
Du;
Dual-Ghia;
Dubonnet;
Duck;
Ducroiset;
Dudly;
Duesen;
Duesenberg;
Dufaux;
Duhanot;
Dumas;
Dumont;
Dunbar;
Dunkley;
Duo;
Duplex;
Duport;
Dupressoir;
Durant;
Durey-Sohy;
Dürkopp;
Dursley-Pedersen;
Duryea;
Dutton;
Dux;
DV/DT;
D-;agen
Dymaxion;
D’Yrsan;
Eagle;
EAM;
Eastbourne;
E.B.M.;
Ebro;
E.B.S.;
Eclair;
Econom;
Economic;
Econoom;
Ecosse;
Edith;
Edmond;
Edmund;
Edra;
Edsel;
Edwards;
EEC;
Egg;
Egger-Lohner;
Ego;
E.H.P.;
Ehrhardt;
Eibach;
E.I.M.;
Einaudi;
El;
Elan;
ELBO;
Elburn-Ruby;
Elcar;
Elcat;
Eldin;
Electra;
Electra-King;
Electric;
Electrical;
Electricar;
Electriquette;
Electrocar;
Électrolette;
Electro-Master;
Electromobile;
Electromotion;
Électromotion;
Electronic;
Elektromobil;
El-Fay;
Elfe;
Elfin;
Elite;
Elizalde;
Elkhart;
Ellados;
Elmore;
Elpo;
Elswick;
El-Trans;
Elva;
Elysée;
Emerald;
Emeraude;
Emery;
E-M-F;
EMIS;
Emme;
Emms;
Empress;
Emscote;
EM;
Endurance;
Enfield;
Enfield-Allday;
Enfield-Neorion;
Enger;
English;
Enka;
ENV;
Enzmann;
Eole;
Eos;
Epalle;
E.R.A.;
Erco;
Erdmann;
Eric-Campbell;
Eric-Longden;
Ermini;
Erskine;
ESA;
Esculape;
Eshelman;
Espenlaub;
Essex;
Estate;
ESTfield;
Etox;
Etsong;
Eucort;
Eudelin;
Eunos;
Eureka;
Européenne;
Europestar;
Evante;
Evelyn;
e-;OLF
Exagon;
Exau;
Excalibur;
Excelsior;
Exor;
Express;
EYME;
Eysink;
E-Z-Go;
FAB;
Fabbrica;
Fabral;
Facel;
Fadag;
Fafag;
Fafnir;
Fageol;
Fairthorpe;
F.A.L.;
Falcon;
Falke;
Fama;
Farbio;
Farman;
Farman-Micot;
Farmobil;
FASA;
Fast;
Fasto;
Faugère;
Faun;
Faure;
Favel;
Favorit;
FA;
Fejes;
Felber;
Feldmann;
Fend;
Feng;
Fengshen;
Fenton;
Ferbedo;
Fergus;
Féron;
Ferox;
Ferrari;
Ferrer;
Ferves;
FH;
FIAL;
FIAM;
Fiat;
Fiberfab;
Fibersport;
Fidélia;
FIF;
Filipinetti;
Filoque;
Filtz;
F.I.M.E.R.;
Fina;
Finch;
Fioravanti;
Firefly;
Firestone-Columbus;
Firodia;
Fischer;
Fisher;
Fisker;
Fisson;
Fissore;
Fitch;
Flac;
Flajole;
Flanders;
Fleetbridge;
Flint;
Flintridge-Darrin;
Florentia;
Flying;
FMC;
FMR;
F.N.;
FNM;
FOD;
Fonck;
Fondu;
Fongri;
Fonlupt;
Ford;
Ford-Vairogs;
Forman;
Fornasari;
Forrest;
Forster;
Fossum;
Fostoria;
Foton;
Foucher;
Fouillaron;
Fournier;
Fox;
Foy-Steele;
FPV;
FR;
Frada;
Fram-King;
Framo;
France;
Francon;
Franklin;
Frascini;
Fraser;
Frazen;
Frazer;
Frederickson;
Freestream;
Freia;
Fremont;
Frese;
Frick;
Friedmann-Knoller;
Frisky;
Friswell;
Frontenac;
FSC;
FSM;
FSO;
Fuji;
Fuldamobil;
Fuller;
Füller-Sport;
Fulmina;
Fusi-Ferro;
Gabriel;
Gadabout;
Gaggenau;
Gaillardet;
Gainsborough;
Galba;
Gale;
Gallet;
Galliot;
Galloper;
Galloway;
Galy;
GAM;
Gamage;
Gamma;
Ganz;
G.A.R.;
Garbaty;
Gardner;
Gardner-Douglas;
GAS;
Gas-au-Lec;
Gasi;
Gaslight;
Gatso;
Gatter;
Gauthier;
Gautier;
Gautier-;ehrlé
Gaylord;
Gazelle;
GB;
Geely;
Geering;
Geha;
Gelria;
Gem;
GEM;
General;
Génestin;
Geneva;
Geo;
Georges;
GEP;
Gepard;
Gerald;
Gérard;
Germain;
German;
G-Force;
Ghia;
Giannini;
Gibbons;
Gibbs;
Gideon;
Giesberger;
Gigliato;
Gignoux;
Gilbern;
Gilbert;
Gilburt;
Gilchrist;
Gilda;
Gill;
Gillet;
Gillet-Forest;
Gilyard;
Ginetta;
Giocattolo;
Gitane;
Gladiator;
Glas;
Glascar;
Glassic;
Glasspar;
Glen;
Glide;
Globe;
Glover;
GM;
GM-AvtoVAZ;
GMC;
G.N.;
Gnom;
Gnome;
Gnôme;
Gobron;
Gobron-Brillié;
Godiva;
Goff;
Goggomobil;
Goliath;
Gonow;
Goodchild;
Goodyear;
Gordano;
Gordon;
Gordon-Keeble;
Göricke;
Görke;
Gorm;
Goujon;
Grade;
Gräf;
Grahame-;hite
Graham-Paige;
Gramm;
Gramme;
Grandeur;
Great;
Grecav;
Grégoire;
Gregory;
Grenville;
Grewe;
Greyhound;
Gridi;
Griffith;
Griffon;
Grinnall;
Grofri;
Grouesy;
G.R.P.;
Gryff;
GSM;
GTA;
GTM;
Guangzhou-Honda;
Guangzhou-Peugeot;
Guerraz;
Guerry;
Guildford;
Guilick;
Guillierme;
Guldstrand;
Gumpert;
Gurgel;
Gutbrod;
Guy;
Guyot;
G.;.K.
Gwynne;
Haargaard;
Hackett;
Hadfield-Bean;
Hafei;
HAG;
Hagea-Moto;
HAG-Gastell;
Haima;
Halladay;
Hallamshire;
Hamilton;
Hammond;
Hampton;
Hands;
Hanjiang;
Hanomag;
Hanover;
Hansa;
Hansa-Lloyd;
Hanzer;
Harbin;
Hariscott;
Harper;
Harris;
Harris-Léon;
Hartmann;
Has;
Hataz;
Hauser;
Hautier;
Haw;
HA;A
Hawk;
Hayden;
Haynes;
Haynes-Apperson;
HB;
HCCT;
HCE;
HE;
Healey;
Hedea;
Heibao;
Heim;
Heine-Velox;
Heinis;
Heinkel;
Helbé;
Helios;
Hellas;
Helo;
Helvetia;
Hennessey;
Henney;
Henriod;
Henry;
Hentschel;
Hérald;
Herbert;
Hercules;
Hermes-Simplex;
Heron;
Herreshoff;
Heybourn;
HFG;
Hidien;
Highgate;
Hildebrand;
Hill;
Hillman;
Hinde;
Hindustan;
Hino;
Hinstin;
Hispano-Alemán;
Hispano-Suiza;
Hisparco;
Hi-Tech;
HK;
HL;
HMC;
HMV;
Hodgson;
Hoffmann;
Holden;
Holdsworth;
Holland;
Hollier;
Holsman;
Holtzer-Cabot;
Hommell;
Honda;
Hongqi;
Hooper-Crailville;
Hoosier;
Hoppenstand;
Horag;
Horbick;
Horch;
Horley;
Hornet;
Horstmann;
Hotchkiss;
Hotchkiss-Grégoire;
Hotzenblitz;
Houlberg;
Howard;
Howett;
HP;
H.R.G.;
Hrubon;
HSM;
HSV;
H.T.;
HuangHai;
Huascar;
Huatai-Hyundai;
Huayang;
Hudlass;
Hudson;
Huffit;
Hugot;
Hulas;
Hulme;
Humber;
Hummer;
Humming;
Hummingbird;
Humphris;
Hunt;
Hupmobile;
Hupp-Yeats;
Hurlincar;
Hurst;
Hurtu;
Hüttis;
Hutton;
Hydramotive;
Hyundai;
I.A.M.E.;
Ibis;
Ideal;
Iden;
IFA;
IKA;
Ilford;
Iljin;
IMOSA;
IMP;
Imperia;
Imperial;
Impetus;
Imza;
Indio;
Induco;
Induhag;
Infiniti;
Innocenti;
Innotech;
Innovech;
Inokom;
INSTITEC;
Inter;
Intermeccanica;
International;
Interstate;
Intrepid;
Invicta;
Iota;
Ipe;
Ipsi;
Iran;
Iris;
Isdera;
Iso;
ISO;
Isotta;
Ispano-Francia;
Isuzu;
Itala;
Iveco;
Ivel;
IVM;
Izaro;
IZh;
Izuogi;
Jack;
Jackson;
Jacquemont;
Jacquot;
JAG;
Jago;
Jaguar;
Jakovlev;
Jalta;
James;
Jan;
Janémian;
Janoir;
Janvier;
Jappic;
Jarc;
Jawa;
Jaxon;
JB;
JBM;
JBR;
JBS;
JDM;
Jean;
Jeanperrin;
Jeantaud;
Jeep;
Jeepney;
Jeffrey;
Jehle;
Jenard;
Jennings;
Jensen;
Jensen-Healey;
Jetcar;
Jetmobile;
Jewel;
Jewell;
JG;
Jianghuai;
Jiangling;
JiangNan;
Jiangxi;
Jidé;
Jie;
Jilin;
Jimenez;
Jinbei;
Jinlei;
Jiotto;
John;
Johnson;
Johnsonmobile;
Jomar;
Jones;
Jonway;
Jonz;
Jordan;
Jösse;
Joswin;
Jou;
Jouffret;
Jourdain;
Jousset;
Jouvie;
Jowett;
JP;
JPL;
Juhö;
Julien;
Junior;
Juskov;
Justicialista;
Juwel;
JVA;
K-1;
K.A.C.;
Kaha;
Kaiser;
Kalmar;
Kalmer;
K.A.N.;
Kantanka;
Kapi;
Karabag;
Karsan;
KA;
KCC;
Kearns;
Keen;
Keinath;
Keller;
Keller-Kar;
Kelmark;
Kendall;
Kennedy;
Kenter;
Kersting;
Kestrel;
Kevah;
KE;
Kewet;
Kia;
Kiddy;
Kieft;
Killeen;
KIM;
King;
Kingsbury;
Kissel;
Klaus;
Kleiber;
Kleiner;
Kleinschnittger;
Kliemt;
Kline;
Klingenberg;
Knap;
Knight;
Knöllner;
Knox;
Knudson;
Kobold;
Koch;
Koco;
Koechlin;
Koenigsegg;
Koller;
Kombat;
Komet;
Komnick;
Kondor;
Konela;
Korn;
Korte;
Körting;
Korvensuu;
Kover;
Krajan;
KRC;
Krejbich;
Krieger;
Krim-Ghia;
Krit;
Kroboth;
Krupkar;
Kruse;
KTM;
Kühlstein;
Kühn;
Kurek;
Kurtis;
L;
La;
Labor;
Lacoba;
Lacoste;
Lacour;
Lacre;
LAD;
Lada;
Laetitia;
LaFayette;
Lafitte;
Lagonda;
Laigle;
Lamar;
Lambert;
Lambert-Herbert;
Lamborghini;
Lammas-Graham;
Lanchester;
Lancia;
Land;
Landgrebe;
Laraki;
L’Ardennaise;
Larsen;
LaSalle;
Laspougeas;
Lauer;
Laurence-Jackson;
Laurent;
Laurin;
L’Automobile;
L’Automotrice;
L’Autovapeur;
Lawil;
LB;
Le;
Leader;
Lea-Francis;
Lebedj;
Leblanc;
LEC;
Lecoy;
Leda;
Ledl;
Legrand;
Legros;
Leichtauto;
Leidart;
Leifa;
L’Élégante;
Lenham;
Lenox;
Léo;
Léon;
Leonard;
Leopard;
Lepape;
Lespinasse;
Lesshaft;
Lessner;
Lester;
Leutner;
Levenn;
Lewis;
Lexington;
Lexus;
Ley;
Leyat;
Leyland;
Liaoning;
Libelle;
Libéria;
Liberty;
Lidovka;
Lidtke;
Liebao;
Lifan;
Light;
Lightburn;
Ligier;
Lila;
Lincoln;
Lindcar;
Lindsay;
Lington;
Linon;
Lion-Peugeot;
Lipscomb;
Lipsia;
Lister;
Little;
Liver;
Lloyd;
LM;
LMB;
LMX;
Lobini;
Locomobile;
Locost;
Locus;
Locust;
Loeb;
Lohner;
Lohr;
Loidis;
Lola;
Lomax;
Lombard;
Lombardi;
Longtin;
Lonsdale;
Loreley;
Loremo;
Lorraine;
Lorraine-Dietrich;
LORYC;
Lost;
Lotec;
Lothian;
Lotis;
Lotus;
Louet;
Louis;
Loyd-Lord;
Lozier;
L.S.D.;
LTI;
LuAZ;
Luc;
Lucar;
Lucien;
Lufbery;
Lugly;
LUIS;
Lunant;
Lurquin-Coudert;
Lutèce;
Lu;e
Lu;o
Lux;
LUXGEN;
Luxior;
Lynx;
M.A.;
Mada;
Madou;
MAF;
MAG;
Magali;
Magnet;
Magnetic;
Mahindra;
Maibohm;
Maico;
Maiflower;
Maillard;
Maja;
Majestic;
Majola;
Major;
Malaxa;
Malcolm;
Malcolm-Jones;
Malevez;
Malicet;
Malliary;
Malvernia;
Manderbach;
Mannesmann;
Manon;
Manta;
Marander;
Marathon;
Marauder;
Marbais;
Marchand;
Marcos;
Marcus;
Marden;
Marendaz;
Marguerite;
Marion;
Marion-Handley;
Marketeer;
Marketour;
Markette;
Marland;
Marlborough;
Marlborough-Thomas;
Marlei;
Marlin;
Marmon;
Marot-Gardon;
Marquez;
Marquis;
Marr;
Mars;
Marseal;
Marseel;
Marshall;
Marshall-Arter;
Marsonetto;
Marta;
Marti;
Martin;
Martinette;
Martini;
Maruti;
Marvel;
Mascot;
Mascotte;
MASE;
Maserati;
Mass;
Mastretta;
Matchless;
Matford;
Mathieu;
Mathis;
Matra;
Matra-Simca;
Matthey;
Maudslay;
Maurer;
Maurer-Union;
Mauser;
Mauve;
MÁVAG;
MAVA-Renault;
Maverick;
Max;
Maxim;
Maxim-Goodridge;
Maxwell;
Maxwell-Briscoe;
Maxwerke;
Maybach;
Mayfair;
Mayrette;
Maytag-Mason;
Mazda;
MB;
M.C.A.;
McCandless;
McCurd;
McFarlan;
McKenzie;
McLaren;
McLaughlin;
McLaughlin-Buick;
MCV;
Méan;
MEBEA;
Mecca;
Medea;
Medinger;
Mega;
Megy;
Meiwa;
Mekong;
Melen;
Meling;
Melkus;
Ménara;
Mendip;
Menley;
Méray;
Mercedes;
Mercedes-Benz;
Mercer;
Mercury;
Merkur;
Merlin;
Merry;
Merz;
Messerschmitt;
Messier;
Métallurgique;
Meteor;
Meteorite;
Metropolitan;
Metro-Tyler;
Metz;
Meyers;
Meynier-Legros;
Meyra;
MG;
MGP;
Mia;
Miari;
Michaelson;
Michalak;
Michel;
Micro;
Microcar;
Micron;
Midas;
Midget;
Miele;
Miesse;
Mieusset;
Mignorette;
Mignorette-Luap;
Mikromobil;
Mikrus;
Milburn;
Mildé;
Mildé-Gaillardet;
Miller;
Millot;
Minerva;
Mini;
Minicar;
Minijem;
Minimus;
Miolans;
Mipal;
Mirda;
Mitchell;
Mitsubishi;
Mitsuoka;
Mi-Val;
MK;
MK-GROUP;
MLB;
MLT;
MMB;
M.M.C.;
MNR;
Mobil;
Mobile;
Mochet;
Möckwagen;
Mohs;
Mölkamp;
Moll;
Molla;
Molline;
Molline-Knight;
Mom;
Monarch;
Monet;
Monica;
Monitor;
Monnier;
Monos;
Monotrace;
Monte;
Monteverdi;
Montier;
Moon;
Mops;
Morano-Marguerite;
Morattab;
Morel;
Moretti;
Morgan;
Morisse;
Morris;
Mors;
Moskwitsch;
Mosler;
Mot;
Mota;
Motobloc;
Motor;
Motorette;
Mouette;
Mourre;
Moveo;
Mozota;
MS;
MSL;
MT;
Mullen;
Multi;
Multicar;
Multiplex;
Munguía;
Muntz;
Murad;
Murena;
Mustad;
Mustang;
Mutel;
MVM;
M;D
Mytholm;
N.;
n2a;
Nacional;
Nacke;
Nafa;
N.A.G.;
Nagant;
Namco;
Nameless;
NAMI;
Nancéienne;
Napier;
Napoleon;
Nardi;
Nardini;
Nash;
Nasr;
NATI;
National;
Navajo;
N.A.;.
Naza;
Nazarro;
NB;
NEC;
Nègre;
Neiman;
Nemalette;
Neorion;
Nesselsdorf;
Netam;
Neumann-Neander;
New;
Newey;
New-Map;
Newton;
Niclausse;
Niesner;
Nike;
Nissan;
Nitta;
N.J.;
NmG;
Nobel;
Noble;
Noël;
Noma;
Nomad;
Nordenfelt;
Norfolk;
Noris;
Norma;
Norris;
Norsk;
North;
Northern;
Norwalk;
Nota;
Nova;
NP;
NSU;
NSU-Fiat;
Nufmobil;
Nug;
Nu-Klea;
Nyayo;
Nysa;
Oakland;
Obvio!;
Obwaller;
Ockelbo;
Octo;
Officine;
Ogle;
Ogren;
Ohio;
Ohta;
Oka;
OKA;
Old;
Olds;
Oldsmobile;
Oltcit;
OM;
Omega;
Oméga;
Omikron;
Omnia;
Omnobil;
Onfray;
Onnasch;
OP;
Opel;
Open;
O.P.E.S.;
Opperman;
Oppermann;
Optimal;
Orca;
Orel;
Orial;
Orient;
Orix;
Orleans;
Orlo;
Orpington;
Oryx;
OSCA;
OSI;
Osterfield;
O.T.I.;
Otosan;
Otto;
Ours;
Ouzou;
Overland;
O-;e-Go
Owen;
P.;
Packard;
Pagani;
Paige;
Palladium;
Palmeri;
Palmer-Singer;
Palmerston;
Pan-Car;
Panda;
Panhard;
Panoz;
Panther;
Panthère;
Pantz;
Paragon;
Paramount;
Parant;
Parent;
Parent-Lacroix;
Parisienne;
Paris-Rhône;
Parkoffka;
Parnacott;
Parr;
Parradine;
Pars;
Parvillé;
Pascal;
Pashley;
Passport;
Passy-Thellier;
Paterson;
Patin;
Patri;
Paulet;
Paulin;
Pawi;
Pax;
Paydell;
Paykan;
Payze;
PDA;
Pearson;
Pedicar;
Peel;
Peer;
Peerless;
Pégase;
Pegaso;
Peillon;
Pelland;
Pellandini;
Penelle;
Peninsular;
Pennant;
Pennington;
Pente;
Peraves;
Perfex;
Performance;
Perl;
Perodua;
Perreau;
Perry;
Perşu;
Pestourie;
Peter;
Petter;
Peugeot;
Pflüger;
P.G.O;
Phänomen;
Phébus;
Phénix;
Phillips;
Philos;
Phoenix;
Piaggio;
Pick;
Pic-Pic;
Piedmont;
Pieper;
Pierce;
Pierce-Arrow;
Pierce-Racine;
Pierre;
Pierron;
Pilain;
Pilbeam;
Pilgrim;
Pilot;
Pinguin;
Pininfarina;
Pio;
Pioneer;
Piontek;
Pipe;
Piper;
Piranha;
Pivot;
Planet;
Plasan;
Playboy;
Pluto;
Pluton;
Plymouth;
PM;
PMC;
P.M.C.;
Podeus;
Poinard;
Poirier;
Polski;
Polyphon;
Poncin;
Pontiac;
Ponts;
Pope-Hartford;
Pope-Robinson;
Pope-Toledo;
Pope-Tribune;
Pope-;averley
Popp;
Porsche;
Porthos;
Portland;
Post;
Powell;
Powerdrive;
Praga;
Praktiko;
PRB;
Premier;
Presto;
Priamus;
Prima;
Primus;
Prince;
Princeps;
Princess;
Prinetti;
Probe;
Prod’Homme;
Progress;
Projecta;
Prombron;
Prosper-Lambert;
Protea;
Protomotors;
Proton;
Protos;
Provincial;
Prunel;
PTV;
Publix;
Puch;
Puli;
Pullcar;
Pullman;
Puma;
Pungs-Finch;
Pup;
Purvis;
Puzyrev;
Pyeonghwa;
Pyongyang;
Pyramid;
Python;
QiRui;
Quadrant;
Quantum;
Quasar;
Quattro;
Quentin;
Quo;
Qvale;
Raba;
"Rabag;";
Rabœuf;
Radia;
Radical;
Radior;
RAF;
Railton;
Rainier;
Rajah;
Raleigh;
Rally;
Ram;
RAM;
Rambler;
Ramses;
Ramus;
Ranger;
Raouval;
Rapid;
Rapier;
Ratier;
Rational;
Rauch;
Ravel;
Raw;
RA;
Raymond;
R.C.H.;
RDC;
Real;
Rebour;
Red;
Reeves;
Regal;
Regent;
Regina;
Regner;
Reinhard;
Reissig;
Reliable;
Reliance;
Reliant;
Relyante;
Remag;
Rémi-Danvignes;
Renault;
Renaux;
Renfert;
REO;
Replicar;
Replicars;
Repton;
Republic;
Reselco;
REVA;
ReVere;
Revo;
Revol;
Rex;
Rexette;
Reynard;
Reyonnah;
Reyrol;
R.H.;
Rhéda;
Rhenag;
Rhode;
Ribble;
Ricart;
Ricart-España;
Richard-Brasier;
Richardson;
Rickenbacker;
Rickett;
Rickman;
Ridley;
Riegel;
Rigal;
Rikas;
Riker;
Riley;
Rina;
Rinspeed;
Rip;
Ripert;
Rivat;
RLC;
RM;
RMA;
RoadRazer;
Roamer;
Rob;
Robertson;
Robin;
Robinet;
Robinson;
Robur;
Rocar;
Rochdale;
Rochet;
Rochet-Schneider;
Röck;
Rockefeller;
Rocket;
Rockford;
Rockne;
Roding;
Rodley;
Roewe;
Roger;
Rogers;
Rogue;
Röhr;
Roland;
Rolland-Pilain;
Rollfix;
Rollo;
Rollsmobile;
Rolls-Royce;
Rolux;
Rom;
Romanazzi;
Romanov;
Romi;
Ronart;
Rongcheng;
Ronteix;
Rootes;
Roots;
Rosengart;
Rossel;
Rothwell;
Roussel;
Rousson;
Rouxel;
Rover;
Rovin;
Rowan;
Royal;
Royale;
Roydale;
RTC;
Ruby;
Rudge;
Rudolph;
Ruf;
Rugby;
Ruger;
Ruhl;
Rulex;
Rumpf;
Rumpler;
Ruppe;
Rush;
Russell;
Russo-Balt;
Russo-Baltique;
Russon;
Ruston-Hornsby;
Rutenber;
Rüttger;
Ruxton;
R;N
Ryde;
Ryjan;
Ryknield;
Ryley;
Ryner-;ilson
Rytecraft;
S.;
Saab;
Saba;
Sabella;
Sabino;
Sablatnig-Beuchelt;
Sabra;
Saccomando;
Sachsenring;
Sado;
Saehan;
SAF;
Safir;
SAG;
Sage;
Saier;
Saïga;
Saipa;
Saker;
Salamanca;
Saleen;
Salmon;
Salmson;
Salomon;
Salvador;
Samand;
S.A.M.C.A.;
Samsung;
San;
Sanchis;
Sandford;
Sandringham;
Santa;
Santana;
Santax;
Santler;
Sao;
S.A.R.A.;
Sarao;
Saroléa;
Saroukh;
SAS;
SATAM;
Saturn;
Sauer;
Saurer;
Sautel;
Sauter;
Sauter-Harlé;
SAVA;
Savage;
Saviano;
Sbarro;
Scaldia;
Scamp;
Scania;
Scania-Vabis;
S.C.A.P.;
S.C.A.R.;
Scarab;
SCAT;
Scavas;
SCH;
Schacht;
Schaudel;
Schebera;
Scheele;
Scheib;
Scheibler;
Schmidlin;
Schönnagel;
Schuppan;
Schütte-Lanz;
Schwanzelcars;
Schwenke;
Scion;
Scootacar;
Scootmobile;
Scorpion;
Scotsman;
Scott;
Scotte;
Scout;
Scripps-Booth;
Seabrook;
Seagrave;
Seal;
Searchmont;
Sears;
Seat;
Seaton-Petter;
SeAZ;
Sebring-Spyder;
Secqueville-Hoyau;
Secrétand;
Seidel-Arop;
Selden;
Self;
Selve;
Sénéchal;
Seng;
Sensor;
Sera;
Serenissima;
Serpollet;
Sevel;
Seymour-Turner;
SFAT;
Sham;
Shamrock;
Shanghai;
Sheffield-Simplex;
Shelby;
Shelter;
Shephard;
Sheret;
SHE;
Shinjin;
Short;
Short-Ashby;
ShuangHuan;
S.H.;.
Siata;
SICAM;
Siddeley;
Siddeley-Deasy;
Sidéa;
Siegfried;
Siemens-Schuckert;
Sigma;
SIL;
Silva-Coronel;
Silver;
SIM;
Sima-Standard;
Sima-Violet;
Simca;
Simms;
Simplex;
Simplic;
Simplicia;
Simson;
Sinclair;
Singer;
Sinpar;
Sipani;
Sir;
Sirron;
Sizaire;
Sizaire-Berwick;
Sizaire-Naudin;
Skavronski;
Skeoch;
Škoda;
Skorpion;
Skriva;
Skyline;
Slaby-Beringer;
SLIM;
Sloane;
Smart;
Šmejkal;
Smiles;
Smith;
Smyk;
Snoeck;
Soames;
SOCEMA;
Sofravel;
Soletta;
Solidor;
Solignac;
Sollers;
Solo;
Solomobil;
Solon;
Sommer;
Soncin;
Sondergard;
Soriano-Pedroso;
Souriau;
Sovam;
Sovran;
Soyat;
SP;
SPA;
S.P.A.G.;
Spartan;
Spaulding;
Spectre;
Speedwell;
Speedy;
Speidel;
Speranza;
Sperber;
Sphinx;
Spidos;
Spinell;
SPMA;
Sports;
Springfield;
Springuel;
Sprite;
Spyker;
Squire;
SS;
Ssang;
Stabilia;
Stack;
STAE;
Stafford;
Stag;
Staiger;
Standard;
Stanguellini;
Stanley;
Star;
Star,;
STAR;
Starling;
Starlite;
Staunau;
Stealth;
Stearns;
Steiger;
Steinwinter;
Stéla;
Stella;
Stellite;
Stephens;
Sterling;
Steudel;
Stevens;
Steyr-Puch;
Stimula;
Stirling;
Stoddard-Dayton;
Stoewer;
Stolle;
Stoneleigh;
Storero;
Storey;
Storm;
Story;
Stout;
Straker-Squire;
Strathcarron;
Street-Ray;
Stringer;
Strømmen;
Strømmen-Dodge;
Stuart;
Studebaker;
Studebaker-Garford;
Studillac;
Sturmey;
Stutz;
Styl;
Subaru;
Success;
Suère;
Suffolk;
Sulam;
Sultane;
Sumida;
Suminoe-Seisakujo;
Sun;
Sunbeam;
Sunbeam-Talbot;
Suncar;
SunCar;
Sundancer;
Sungri;
SUP;
Super;
Superformance;
Surahammar;
Surányi;
Surrey;
Surridge;
Susita;
Suzuki;
Svelte;
SVP;
Swallow;
Swallow-Doretti;
Swan;
Swift;
Swiss;
Sylphe;
Sylva;
SYM;
Symetric-Arbel;
Syrena;
Szawe;
T;
TAB;
TAC;
TagAZ;
Takuri;
Talbo;
Talbot;
Talbot-Darracq;
Talbot-Lago;
TAM;
Tamag;
Tamm;
Tamplin;
Tango;
Tarantula;
Tarrant;
Tasco;
Tata;
Tatin;
Tatra;
Taunton;
Taunus;
Tauzin;
Taylor;
Taylor-Dunn;
Taylor-Swetnam;
TAZ;
TB;
Teco;
Teilhol;
Temperino;
Tempo;
Tenting;
Terraplane;
Terrot;
Tesla;
Teste;
Th.;
Thai;
Thames;
Theis;
Thieulin;
Think;
Tholomé;
Thomas;
Thomas-Detroit;
Thomond;
Thomson;
Thor;
Thorn;
Thornycroft;
Thrif-T;
Thrige;
Thulin;
Thurner;
Thury-Nussberg;
Tic-Tac;
Tidaholm;
Tiger;
Tigr;
Timmis;
Timor;
Tincher;
Tiny;
Tippen;
Tobe;
Tofaş;
Tokchon;
Toledo;
Tom;
Tomaszo;
Tomcar;
Tommy;
Tomos;
Tonic;
Tony;
Tornado;
Tornax;
Torpedo;
Torrelaro;
Totem;
Tourand;
Tourey;
Towne;
Toyopet;
Toyota;
Trabant;
Tracford;
Tracta;
Traction;
Traeger;
Train;
Tramontana;
Trazo;
Treser;
Treskow;
Tribelhorn;
Tribet;
Tri-Car;
Trident;
Trihawk;
Triomobil;
Triouleyres;
Triplex;
Trippel;
Triumph;
Trojan;
Troll;
Troller;
Truffault;
Trumbull;
Truner;
Tschaika;
Tuar;
Tucker;
Turbo;
Turcat-Méry;
Turgan;
Turicum;
Turner;
Turner-Miesse;
TVD;
TVR;
Tweenie;
Twike;
Twombly;
TX;
Tyne;
Tyseley;
TZ;
TZEN;
UAZ;
Ultima;
Ultramobile;
UMAP;
Underberg;
UNIC;
Union;
Unipower;
Unique;
Unit;
Unitás;
Universal;
Urecar;
Uri;
Ursus;
U.S.;
Utile;
Utilis;
Utilitas;
Úttörö;
V;
Vabis;
Vagova;
Vaillant;
Vaja;
VAL;
Vale;
Valkyrie;
Vallée;
Valmet;
Valveless;
V.A.M.;
Van;
Vanden;
Vandenbrink;
Vandy;
Varley;
Vasko;
VATE;
Vaughn;
Vauxhall;
Vauzelle-Morel;
VAZ;
Vector;
Védrine;
Vee;
Véhel;
VELAM;
Velie;
Velorex;
Velox;
Vemac;
Venturi;
Veritas;
Vermorel;
Vetta;
Via;
Vibraction;
Viceroy;
Victor;
Victoria;
Victory;
Victrix;
Viglione;
Vignale;
Viking;
Vilain;
Villard;
Villeneuve;
Vincke;
Vinet;
Vinot;
Violet-Bogey;
Viratelle;
Virus;
Vision;
Vivinus;
Vixen;
Vlah;
Vogtland;
Voisin;
Volkswagen;
Volpe;
Voltra;
Volugrafo;
Volvo;
Voodoo;
Voran;
Vortex;
Vousemoi;
Vox;
Vulcan;
Vulkan;
Vulpès;
;aaijenberg
;addington
;AF
;agon
;all
;allyscar
;almobil
;alter
;altomobil
;anderer
;arne
;arren
;arrior
;arszawa
;artburg
;arwick
;asp
;attel-Mortier
;averley
;D
;ebb
;eber
;egmann
;eidner
;eigel
;eineck
;eise
;eiss
;elch
;elch-Detroit
;eler
;eller
;ellington
;endax
;enkelmobil
;erbell
;erner
;esnigk
;est
;estall
;estcar
;estchester
;estcoaster
;estcott
;estern
;estfalia
;estfield
;estinghouse
;estminster
;estwood
;eyher
;herwell
;hippet
;hite
;hitehead
;hitgift
;hiting
;hitlock
;hitworth
;iesmann
;igan
;ikov
;ilbrook
;ilford
;ilkinson
;illam
;illiams
;illis
;illys
;illys-Overland
;ilson-Pilcher
;ilton
;imille
;inco
;indhoff
;indsor
;ingfield
;inkler
;inson
;inter
;inton
;ithers
;itkar
;ittekind
;itton
;izard
;.M.
;ohl
;olga
;olseley
;olseley-Siddeley
;oodill
;oodrow
;oods
;ooler
;orth
;rigley
;SC
;SK
;
;yner
;yvern
Xenia;
Xiali;
Xinkai;
XR-6;
Xtra;
YAK;
Yalta;
Yank;
Yankee;
Yenko;
YES!;
YLN;
York;
Yue;
Yuejin;
Yugo;
Yulon;
Z;
Zagato;
ZAP;
Zaschka;
Zastava;
ZAZ;
Zeda;
Zeddeco;
Zedel;
Zeiller;
Zendik;
Zénia;
Zénith;
Zenvo;
Zeta;
Zetgelette;
Zévaco;
ZhangJianGang;
Zhongxing;
Zimmer;
Zimmerman;
ZIS;
ZL;
Zoe;
ZongShen;
Zotye;
Żuk;
Zündapp;
Zunder;
Züst;
Zxauto;
