Alfa Romeo,Giulia
Alfa Romeo,Stelvio
Alfa Romeo,Tonale
Alfa Romeo,6C
Alfa Romeo,1900
Alfa Romeo,Matta
Alfa Romeo,Giulietta
Alfa Romeo,2000
Alfa Romeo,2600
Alfa Romeo,1750
Alfa Romeo,2000
Alfa Romeo,8C Competizione
Alfa Romeo,MiTo
Alfa Romeo,4C
Alfa Romeo,Giulietta
Alfa Romeo,Montreal
Alfa Romeo,Alfasud
Alfa Romeo,Alfetta
Alfa Romeo,Sprint
Alfa Romeo,Romeo
Alfa Romeo,Giulietta Typ 116
Alfa Romeo,Alfa 6
Alfa Romeo,GTV
Alfa Romeo,Arna
Alfa Romeo,33
Alfa Romeo,75
Alfa Romeo,90
Alfa Romeo,145
Alfa Romeo,146
Alfa Romeo,147
Alfa Romeo,155
Alfa Romeo,156
Alfa Romeo,159
Alfa Romeo,164
Alfa Romeo,166
Alfa Romeo,SZ
Alfa Romeo,RZ
Alfa Romeo,GTV
Alfa Romeo,Brera
Alfa Romeo,Spider
Audi,100
Audi,200
Audi,50
Audi,80
Audi,90
Audi,A1
Audi,A2
Audi,A3
Audi,A4
Audi,A5
Audi,A6
Audi,A7
Audi,A8
Audi,e-tron
Audi,e-tron GT
Audi,F103
Audi,Q2
Audi,Q3
Audi,Q4 e-tron
Audi,Q5
Audi,Q7
Audi,Q8
Audi,quattro
Audi,R8
Audi,Sport quattro
Audi,TT
Audi,V8
Audi,RS6
Audi,RS7
Audi,S3
Audi,S5
Audi,S7
Audi,S4
Audi,RS4
Audi,RS5
BMW,02er
BMW,1er
BMW,2er
BMW,3200 CS
BMW,3er
BMW,4er
BMW,503
BMW,507
BMW,5er
BMW,600
BMW,6er
BMW,E30
BMW,700
BMW,7er
BMW,8er
BMW,E3
BMW,E9
BMW,Glas 1600 GT
BMW,Glas 3000 V8
BMW,i3
BMW,i4
BMW,i7
BMW,i8
BMW,Isetta
BMW,iX
BMW,iX3
BMW,M1
BMW,M3
BMW,M4
BMW,M5
BMW,X1
BMW,X2
BMW,X3
BMW,X4
BMW,X5
BMW,X6
BMW,X7
BMW,Z1
BMW,Z3
BMW,Z4
BMW,Z8
