;video_title;video_date;channel
1voq6P21qps;JP Performance - So muss ein NSX aussehen! | Honda NSX Fahrwerk;2022-05-23;UC1-VOKyTJrgLiBeiJqzeIUQ
Iu-fcseTVAs;JP Performance - DIE WELTPREMIERE! | Das ist der neue BMW M4 CSL;2022-05-20;UC1-VOKyTJrgLiBeiJqzeIUQ
6R6999VZKPc;JP Performance - WIR SEHEN ROT! | Ferrari 458 Speciale & Ferrari 488 Pista;2022-05-19;UC1-VOKyTJrgLiBeiJqzeIUQ
sTtNSElS7HU;JP Performance - PORNOPELLEN auf dem Nissan GTR;2022-05-18;UC1-VOKyTJrgLiBeiJqzeIUQ
StBtJ8RUvwc;JP Performance - Lass mal Fahren | Wir fahren dein Projekt! | Toyota GT 86 mit ....?;2022-05-17;UC1-VOKyTJrgLiBeiJqzeIUQ
95E8QdoHnn0;JP Performance - Brabus E900 Fahren!;2022-05-16;UC1-VOKyTJrgLiBeiJqzeIUQ
45aA4LEys7g;JP Performance - Unser neues Projekt ? | Die Volkswagen Bulli Geschichte | Teil 2;2022-05-13;UC1-VOKyTJrgLiBeiJqzeIUQ
vYCJTYBYL1U;"JP Performance - Nen Kesselbuntes mit Sternen & 24"" Rädern zum Nachtisch | Brabus G800";2022-05-12;UC1-VOKyTJrgLiBeiJqzeIUQ
2QzPC-GjEZo;JP Performance - Der Spoiler stürzt ein! | BMW E36 Resterampe;2022-05-11;UC1-VOKyTJrgLiBeiJqzeIUQ
GfErbmlbYIo;JP Performance - Ein verdammt schnelles elektrisches Pferd | Ford Mustang Mach-E GT;2022-05-10;UC1-VOKyTJrgLiBeiJqzeIUQ
IqK8oPUXgh4;JP Performance - Oh Boy! | Die neue Kollektion! Part Two;2022-05-09;UC1-VOKyTJrgLiBeiJqzeIUQ
JPYh19wAyvs;JP Performance - Perfektes Fahrverhalten! | Nissan GTR R35 Fahrwerk;2022-05-09;UC1-VOKyTJrgLiBeiJqzeIUQ
cJ9e8hEEpZE;JP Performance - Vom Transporter zur Legende! | Die Volkswagen Bulli Geschichte!;2022-05-06;UC1-VOKyTJrgLiBeiJqzeIUQ
_iFTFtjbRtU;JP Performance - Die wilden 70er sind zurück! | Das neue RWB Design!;2022-05-05;UC1-VOKyTJrgLiBeiJqzeIUQ
7NAfi6Jl4pY;JP Performance - Neue Schlappen für den Honda NSX!;2022-05-04;UC1-VOKyTJrgLiBeiJqzeIUQ
PgjyyTRg_rs;JP Performance - Porschetreffen Trabrennbahn & Eröffnung PACE Museum;2022-05-03;UC1-VOKyTJrgLiBeiJqzeIUQ
9tvYM9uo8Rk;JP Performance - Dicke Kuh auf Zeiten-Jagd | Nissan R35 GT-R auf der LaSiSe!;2022-05-02;UC1-VOKyTJrgLiBeiJqzeIUQ
OXpYXTjAqJo;JP Performance - Das waren die ersten 10 Jahre!;2022-05-01;UC1-VOKyTJrgLiBeiJqzeIUQ
cQ27FNg-g9k;JP Performance - Neu verliebt! | Perfekter Lack für den Honda NSX!;2022-04-29;UC1-VOKyTJrgLiBeiJqzeIUQ
D38YGm0E2zM;JP Performance - Lass mal Fahren | Wir fahren dein Projekt! |  VW T1 mit ordentlich Dampf!;2022-04-28;UC1-VOKyTJrgLiBeiJqzeIUQ
5jJl0YzI1QA;JP Performance - Technik Talk mit Timo Bernhard;2022-04-27;UC1-VOKyTJrgLiBeiJqzeIUQ
Zosh5JxmO7k;JP Performance - Es musste ja wieder passieren! | Unser neues altes Auto;2022-04-26;UC1-VOKyTJrgLiBeiJqzeIUQ
SUyRm4FUmSc;JP Performance - Oh Boy! | Die neue Kollektion!;2022-04-25;UC1-VOKyTJrgLiBeiJqzeIUQ
Aqro2sFwA0w;JP Performance - Die bekloppteste LaSiSe-Runde aller Zeiten | BMW E36;2022-04-25;UC1-VOKyTJrgLiBeiJqzeIUQ
4dAFfOF1834;JP Performance - Completely Uncut #8 | Ein schneller Gast!;2022-04-22;UC1-VOKyTJrgLiBeiJqzeIUQ
1_f1IcESMzs;JP Performance - ZWEI IDIOTEN, ein Krümmer! | VW SUPERGOLF;2022-04-21;UC1-VOKyTJrgLiBeiJqzeIUQ
mDPBneGDEGk;JP Performance - Der Großvater vom 350Z | Datsun fahren in Holland;2022-04-20;UC1-VOKyTJrgLiBeiJqzeIUQ
QGPZPStYu4Y;JP Performance - Unser Resterampe Projekt! + Online Shoppingtour;2022-04-19;UC1-VOKyTJrgLiBeiJqzeIUQ
u1qvD0qpaIk;JP Performance - Ihr fragt, ich antworte! #94 | Car-Freitag Special!;2022-04-15;UC1-VOKyTJrgLiBeiJqzeIUQ
4oDX9EtEsas;JP Performance - Wir bauen 800PS in den KLOTZ! | Brabus G-Klasse;2022-04-14;UC1-VOKyTJrgLiBeiJqzeIUQ
I6voV31MoBk;JP Performance - Was ich mag, nicht mag! | Audi RS3 8Y;2022-04-13;UC1-VOKyTJrgLiBeiJqzeIUQ
FE50Rxtq_d8;JP Performance - DESWEGEN FAHREN ALLE TESLA! | Tesla Model 3 Probefahrt;2022-04-12;UC1-VOKyTJrgLiBeiJqzeIUQ
_Z61bNLW6l8;JP Performance - Die volle TUNING DRÖHNUNG! mit TÜV | Golf 6 GTI;2022-04-11;UC1-VOKyTJrgLiBeiJqzeIUQ
g7fJSjajMaw;JP Performance - SUPER BASIC | JP Clothing;2022-04-08;UC1-VOKyTJrgLiBeiJqzeIUQ
79h1WbD4SUM;JP Performance - Feuer für den Porsche 996 GT2!;2022-04-08;UC1-VOKyTJrgLiBeiJqzeIUQ
dBFa-hI6M2U;JP Performance - Wir fahren die Zukunft des Motorsports! | Porsche Mission R;2022-04-07;UC1-VOKyTJrgLiBeiJqzeIUQ
Dp1z_fNeKEs;JP Performance - Ich nähe meinen Innenraum selbst! + Breitbau | BRABUS G-Klasse!;2022-04-06;UC1-VOKyTJrgLiBeiJqzeIUQ
vAYWlvhzXYo;JP Performance - 3,8 Liter Purer Wahnsinn! | Porsche 964 AP-Car Projekt;2022-04-05;UC1-VOKyTJrgLiBeiJqzeIUQ
Cq5G03vwMH0;JP Performance - Wir lassen nicht locker! | Supra S85 V10 - Erste Startversuche!;2022-04-04;UC1-VOKyTJrgLiBeiJqzeIUQ
0jJnZWOEOAI;JP Performance - Eigentlich nur ein Besuch bei Brömmler!;2022-04-01;UC1-VOKyTJrgLiBeiJqzeIUQ
UMige1w_1ys;JP Performance - Der Mann hinter den 900PS | BRABUS Motorenfertigung;2022-03-31;UC1-VOKyTJrgLiBeiJqzeIUQ
eR7GK7ZCp5k;JP Performance - Auf der suche nach neuen Projekten? | Techno Classica 2022;2022-03-30;UC1-VOKyTJrgLiBeiJqzeIUQ
NMk2JjrO1hc;JP Performance - Gestrippt bis auf's Monocoque | Honda NSX;2022-03-29;UC1-VOKyTJrgLiBeiJqzeIUQ
fQY78hDmITA;JP Performance - Groß! Brutal! Asozial! | Lamborghini Urus - Neue Felgen!;2022-03-28;UC1-VOKyTJrgLiBeiJqzeIUQ
eKfu99bhGzk;JP Performance - Completely Uncut #7;2022-03-25;UC1-VOKyTJrgLiBeiJqzeIUQ
fpocukZN6KY;JP Performance - Wird es eine peinliche Nummer ? | Honda NSX auf der LaSiSe;2022-03-24;UC1-VOKyTJrgLiBeiJqzeIUQ
ck0jenODs8c;JP Performance -  580PS auf der Hinterachse! | Porsche 993 GT2 von AP Car Design;2022-03-23;UC1-VOKyTJrgLiBeiJqzeIUQ
ir8RUywNrpc;JP Performance - Brutal aber auch irgendwie komplett Bescheuert! | VW Supergolf Statusupgrade;2022-03-22;UC1-VOKyTJrgLiBeiJqzeIUQ
5JPzlvi3kdc;JP Performance - Ein kleines Makeover! | Lamborghini Urus;2022-03-21;UC1-VOKyTJrgLiBeiJqzeIUQ
lvQYpY-aZGw;JP Performance - Ich dachte mir geht es besser.;2022-03-19;UC1-VOKyTJrgLiBeiJqzeIUQ
g86fbFrhXu8;JP Performance - Der HATE kann beginnen! | Die AP Car Porsche 964 Lackierung!;2022-03-18;UC1-VOKyTJrgLiBeiJqzeIUQ
CRYocdFxXhg;JP Performance - Die 1000NM Kupplung! & der Golf OHNE Kupplung | Audi RS4 B5;2022-03-17;UC1-VOKyTJrgLiBeiJqzeIUQ
n8l109wIUG4;JP Performance - So entsteht das perfekte Carbon! | Zu Besuch in der Brabus Carbon-Manufaktur;2022-03-16;UC1-VOKyTJrgLiBeiJqzeIUQ
nV1niQVFyHI;JP Performance - Haben wir ihn kaputt gefahren? | Audi Sport Quattro auf der LaSiSe;2022-03-15;UC1-VOKyTJrgLiBeiJqzeIUQ
C7rWK4p2_yg;JP Performance - Überkocht die Reisschüssel nochmal? | Honda NSX;2022-03-14;UC1-VOKyTJrgLiBeiJqzeIUQ
uzKNVndQFFg;JP Performance - Completely Uncut #6 | Eine Stunde purer Spaß!;2022-03-11;UC1-VOKyTJrgLiBeiJqzeIUQ
nGXNxnc5bVI;JP Performance - Wir lassen brennen! | Golf 2 VR6 auf der  LaSiSe + neue Lenkung;2022-03-10;UC1-VOKyTJrgLiBeiJqzeIUQ
m-GGi8Gbfjo;JP Performance - Unser RS6 wird zum Pornobomber! | Audi RS6 Felgen & Folie;2022-03-09;UC1-VOKyTJrgLiBeiJqzeIUQ
4-yehzUJ3LE;JP Performance - Brutaler Durchsatz! | Toyota Supra Mk.5 Velocity Stacks & Krümmer mit Malte;2022-03-08;UC1-VOKyTJrgLiBeiJqzeIUQ
bpQzD5LZbhI;JP Performance - Kaum in Deutschland, schon abgeraucht! | Unser neuer Honda NSX!;2022-03-07;UC1-VOKyTJrgLiBeiJqzeIUQ
t_Z2yVnj0yQ;JP Performance - Was sagt eigentlich der TÜV dazu? Unser Mercedes 500E V12 Projekt;2022-03-04;UC1-VOKyTJrgLiBeiJqzeIUQ
WTXwUO41V40;JP Performance - Alles was geht! | VW Golf 7 GTI TCR Sound trotz OPF!;2022-03-03;UC1-VOKyTJrgLiBeiJqzeIUQ
hbNkjgewmnQ;JP Performance - Die etwas andere Bestandsaufnahme | Mercedes G Klasse komplett Zerrissen!;2022-03-02;UC1-VOKyTJrgLiBeiJqzeIUQ
q46wjZqfao8;JP Performance - Ihr wollt Kundenautos? Ihr kriegt Kundenautos! | Audi S7 & Supra MK5;2022-03-01;UC1-VOKyTJrgLiBeiJqzeIUQ
bfvtfjndz3E;JP Performance - So laut war es noch nie! | Mercedes 500E V12;2022-02-28;UC1-VOKyTJrgLiBeiJqzeIUQ
cX0S48iH6x4;JP Performance - Absoluter Wahnsinn! Brabus G63 XL Konfiguration | 20 Millionen Varianten!;2022-02-25;UC1-VOKyTJrgLiBeiJqzeIUQ
dgsKvCSfI5I;JP Performance - Der RS3 Felgen-Marathon! | Wir machen das passend...;2022-02-24;UC1-VOKyTJrgLiBeiJqzeIUQ
n5GRSSLFwts;JP Performance - Wie fährt sich der VR6 Swap? | Golf 2 Fire & Ice auf dem Prüfstand + Soundgewitter;2022-02-23;UC1-VOKyTJrgLiBeiJqzeIUQ
xGnGfR0tD44;JP Performance - Das hat TÜV ? Porsche G-Model Safari;2022-02-22;UC1-VOKyTJrgLiBeiJqzeIUQ
Z0g2Q_LJd-4;JP Performance - Leistungsmessung mit Marcos Popometer | Audi Sportquattro fahren!;2022-02-21;UC1-VOKyTJrgLiBeiJqzeIUQ
XU47aNFCmcw;JP Performance - Ihr fragt, ich antworte! #93;2022-02-18;UC1-VOKyTJrgLiBeiJqzeIUQ
qb5wOAZDtHk;JP Performance - Dieses Auto bekommt den V10 Motor Swap! | S85 V10;2022-02-17;UC1-VOKyTJrgLiBeiJqzeIUQ
ZE4Z_iQ5_nU;JP Performance - Erste Fahrt mit dem VW Golf II VR6 mit Sebastian!;2022-02-16;UC1-VOKyTJrgLiBeiJqzeIUQ
bQFHc4h0E7Y;JP Performance - SUPERGOLF oder SUPERAUDI? | Er ist zurück bei uns!;2022-02-15;UC1-VOKyTJrgLiBeiJqzeIUQ
POCO6Hs2Spc;JP Performance - RS3 wie er eigentlich vom Band laufen sollte! | Ansaugung & Fahrwerk!;2022-02-14;UC1-VOKyTJrgLiBeiJqzeIUQ
ybgvfdtOrQo;JP Performance - Completely Uncut #5 | Kraemo und sein alter Chef;2022-02-11;UC1-VOKyTJrgLiBeiJqzeIUQ
rmKTrLR2kkU;JP Performance - Driften mit KEN BLOCK beim GP Ice Race & Audi Quattro Details;2022-02-10;UC1-VOKyTJrgLiBeiJqzeIUQ
Fo792SD32U0;JP Performance - Audi TT & 350Z mehr Sauerstoff für beide! | Das Super Car-Battle!;2022-02-09;UC1-VOKyTJrgLiBeiJqzeIUQ
0DBLdW9YGKY;JP Performance - VR6 OLDSCHOOL Legende als Spender | Golf 2 Fire & Ice;2022-02-08;UC1-VOKyTJrgLiBeiJqzeIUQ
tbgSwiqDmvI;JP Performance - Das war richtig knapp! | Audi RS3 8Y auf der LaSiSe;2022-02-07;UC1-VOKyTJrgLiBeiJqzeIUQ
lDANXi4eMgo;JP Performance - Großer Rückschlag & unser eigener Luftfilterkasten | Audi Sport Quattro;2022-02-04;UC1-VOKyTJrgLiBeiJqzeIUQ
ptycSvOmw6o;JP Performance - Completely Uncut #4;2022-02-03;UC1-VOKyTJrgLiBeiJqzeIUQ
_RKu4furQgY;JP Performance - Mercedes 500E | Unser Spezialgebiet! LENKUNG;2022-02-02;UC1-VOKyTJrgLiBeiJqzeIUQ
lJxjDaq54wI;JP Performance - Jetzt wirds mint! | ROTIFORM Kollektion;2022-02-01;UC1-VOKyTJrgLiBeiJqzeIUQ
VIgxFG7EKwo;JP Performance - Unser neuer Audi RS3! | Nach 1000km heißt es Launchen!;2022-02-01;UC1-VOKyTJrgLiBeiJqzeIUQ
yPECavrNDFM;JP Performance - Motor Swap mit bayrischem Orchester! | S85 V10 Motorcheck!;2022-01-31;UC1-VOKyTJrgLiBeiJqzeIUQ
wano7jtYJQI;JP Performance - Nissan 350z Motor Aufbauen | Das Super Car-Battle!;2022-01-28;UC1-VOKyTJrgLiBeiJqzeIUQ
3aHlPZuyUxc;JP Performance - Bauen wir einen BMW M4 GT3 für die Straße?! | Ich frag fürn Freund!;2022-01-27;UC1-VOKyTJrgLiBeiJqzeIUQ
8QNLQrJtgg0;JP Performance - Audi TT R32 Motor aufbauen & Porsche 993 Radwechsel | Das Super Car-Battle!;2022-01-26;UC1-VOKyTJrgLiBeiJqzeIUQ
xpr0RzkXJUg;JP Performance - Die Legende kehrt zurück auf die Straße! Golf 2 Fire and Ice;2022-01-25;UC1-VOKyTJrgLiBeiJqzeIUQ
jVtHOADvi9M;JP Performance - Endlich wieder Kundenauto! Porsche 997 & Malte´s M5;2022-01-24;UC1-VOKyTJrgLiBeiJqzeIUQ
MiWBlpifOVM;JP Performance - Was ich mag, nicht mag!  | Ford Explorer;2022-01-22;UC1-VOKyTJrgLiBeiJqzeIUQ
rZfgum1AgHo;JP Performance - Der heftigste seiner Art! | BMW M5 CS | Drift & Sound;2022-01-21;UC1-VOKyTJrgLiBeiJqzeIUQ
-Xcu9TKpLtg;JP Performance - Ami Style! | Ferrari F355 AUF LUFT!;2022-01-20;UC1-VOKyTJrgLiBeiJqzeIUQ
iHcSxjG9kGg;JP Performance - Audi Sport Quattro | Neuer Zwischenstand! Mit Marco Degenhardt;2022-01-19;UC1-VOKyTJrgLiBeiJqzeIUQ
DjO8kfrINfw;JP Performance - Endlich bekommt er sein V12 Herz! | Mercedes-Benz 500E;2022-01-18;UC1-VOKyTJrgLiBeiJqzeIUQ
eUpfRndjc9c;JP Performance - Audi RS6 AKRAPOVIC | Soundporn!;2022-01-17;UC1-VOKyTJrgLiBeiJqzeIUQ
hKJGTCISWUc;JP Performance - Das erste Ihr fragt, ich antworte Video im Jahre 2022 | #92;2022-01-14;UC1-VOKyTJrgLiBeiJqzeIUQ
LuVfXZcEQuo;JP Performance - Wir fahren den Toyota GR86 und der GT86 ist auch dabei! | + Driften auf der Lasise;2022-01-13;UC1-VOKyTJrgLiBeiJqzeIUQ
Wqmne0Vn1Uk;JP Performance - Wie stehts um die Motoren?! | Nissan 350Z und Audi TT Carbattle;2022-01-12;UC1-VOKyTJrgLiBeiJqzeIUQ
T7Ckb5iC2OA;JP Performance - Das Biest brüllt jetzt! | Porsche 996 GT2;2022-01-11;UC1-VOKyTJrgLiBeiJqzeIUQ
g3ahKqJEpRY;JP Performance - Das erste Video mit meiner Freundin! Achja und unser neuer Honda NSX!!;2022-01-10;UC1-VOKyTJrgLiBeiJqzeIUQ
k5XyWUELUSI;JP Performance - Best of Carporn 2021!;2021-12-31;UC1-VOKyTJrgLiBeiJqzeIUQ
FmcSw_hvbjI;JP Performance - Best Of Funny 2021!;2021-12-24;UC1-VOKyTJrgLiBeiJqzeIUQ
trRCNKziPXY;JP Performance - Das war unser Jahr 2021!;2021-12-22;UC1-VOKyTJrgLiBeiJqzeIUQ
O2yp8FR4XXg;JP Performance - Welche Autos haben wir eigentlich?  | Der aktuelle Stand der Firma;2021-12-21;UC1-VOKyTJrgLiBeiJqzeIUQ
ROnHXbsNmLI;JP Performance - Ein vorzügliches Fahrzeug! | Brabus GLS 800 Maybach;2021-12-20;UC1-VOKyTJrgLiBeiJqzeIUQ
xUO26vGNEyA;JP Performance - Ein neue Videoserie? - Wir fahren dein Projekt! | VW Käfer auf Luft!;2021-12-17;UC1-VOKyTJrgLiBeiJqzeIUQ
aL6K_lO9VgE;JP Performance - Es hat sich ausgestempelt! | Neues Fahrwerk für den Porsche 996 GT2;2021-12-16;UC1-VOKyTJrgLiBeiJqzeIUQ
QllC_Wr6kzc;JP Performance - Audi Urquattro Fahrwerk, Achsen und mehr! | Sind wir schon auf der Zielgeraden?;2021-12-15;UC1-VOKyTJrgLiBeiJqzeIUQ
gqQWH-ps48I;JP Performance -  Wir ersticken den Golf! | Kraemo will´s wissen!;2021-12-14;UC1-VOKyTJrgLiBeiJqzeIUQ
whGEe2c5QHI;JP Performance - Das hat TÜV? | BRABUS XLP;2021-12-13;UC1-VOKyTJrgLiBeiJqzeIUQ
WDFXK5gBVC0;JP Performance - Unser 996 GT2 auf der Lasise | Die schlimmste Kombi im dunkeln und bei Regen!;2021-12-08;UC1-VOKyTJrgLiBeiJqzeIUQ
g36sPZik45c;JP Performance | Maltes BMW M5 E60 V10 | 350.000KM! Prüfstand & Messung!;2021-12-07;UC1-VOKyTJrgLiBeiJqzeIUQ
-SslwXGo25w;JP Performance -  United Colors of Christmas | Part TWO!;2021-12-06;UC1-VOKyTJrgLiBeiJqzeIUQ
P-aEZ5QCLfU;JP Performance - Die Audi TT & Nissan 350z Driftchallenge! | Das Super Car-Battle!;2021-12-06;UC1-VOKyTJrgLiBeiJqzeIUQ
ffDXhm2vjDs;JP Performance - Upgrade für unser Dickschiff & Überraschung für Marie | Ford Explorer Innenraum;2021-12-03;UC1-VOKyTJrgLiBeiJqzeIUQ
yKbhQv4Evwk;JP Performance - Der Blaue Stier auf der LaSiSe | Lamborghini Urus;2021-12-02;UC1-VOKyTJrgLiBeiJqzeIUQ
zAFD3_jnElY;JP Performance - Endlich wieder EMS! | Essen Motor Show 2021;2021-12-01;UC1-VOKyTJrgLiBeiJqzeIUQ
A3kKEhvuJ5E;JP Performance - United Colors of Christmas | Eine neue Clothing Ära!;2021-11-30;UC1-VOKyTJrgLiBeiJqzeIUQ
RPHkCWd76B0;JP Performance - Vorfreude auf vier Rädern! | Unser erstes Mal AP Car Porsche fahren;2021-11-30;UC1-VOKyTJrgLiBeiJqzeIUQ
QUTqtN_n8qc;JP Performance - Nissan 350Z & Audi TT 3.2 | CarBattle | Kupplung und Getriebe;2021-11-29;UC1-VOKyTJrgLiBeiJqzeIUQ
jr5t2gN2cUE;JP Performance - Update zu meiner Person | + Überraschung;2021-11-27;UC1-VOKyTJrgLiBeiJqzeIUQ
9tIxPXLZDjk;JP Performance - BESSER ALS NEU! | Unser 964 Turbo AP Car Projekt ist entlackt;2021-11-26;UC1-VOKyTJrgLiBeiJqzeIUQ
IhFeJspakDk;JP Performance - Einmal alles! | Fotos, Folien und Felgen!;2021-11-25;UC1-VOKyTJrgLiBeiJqzeIUQ
hX-ehcp-Rik;JP Performance - Wir haben einen von nur 3 Stück! | Unser neuer Porsche 996 GT2;2021-11-24;UC1-VOKyTJrgLiBeiJqzeIUQ
mOw5x-7xth8;JP Performance - Was ich mag, nicht mag nach 1,5 Jahren! | McLaren 720S + Night Drive!;2021-11-23;UC1-VOKyTJrgLiBeiJqzeIUQ
PTf7Yz4KSLs;JP Performance - Wir ZERSÄGEN den SUPERGOLF!;2021-11-22;UC1-VOKyTJrgLiBeiJqzeIUQ
i4qcC0LFfTs;JP Performance - Completely Uncut #2 | Kraemo & der nächste Gast;2021-11-19;UC1-VOKyTJrgLiBeiJqzeIUQ
n_etfesTPVY;JP Performance - Audi Urquattro und Porsche 964 Turbo auf Weg zur Perfektion;2021-11-18;UC1-VOKyTJrgLiBeiJqzeIUQ
whjOIh-hPtU;JP Performance -VR6 Sound sein Vater im TT | Das Super Car -Battle!;2021-11-17;UC1-VOKyTJrgLiBeiJqzeIUQ
aZdR3TJRtX8;JP Performance - Die Nissan 350Z Soundorgie! | Das Super Car-Battle!;2021-11-16;UC1-VOKyTJrgLiBeiJqzeIUQ
qmiiZiKXvkY;JP Performance - Fahren wir den letzten Evo jemals? | + Analyse aller Evo Runden auf der LaSiSe;2021-11-15;UC1-VOKyTJrgLiBeiJqzeIUQ
k948WdI5xqM;JP Performance - Ihr Fragt / Ich Antworte | #91;2021-11-12;UC1-VOKyTJrgLiBeiJqzeIUQ
jy7JJFHG-SA;JP Performance - Die Evolution des Lancer Evo! | Wir nähern uns der Zielgerade! | EVO 7,8 & 9;2021-11-11;UC1-VOKyTJrgLiBeiJqzeIUQ
rgOvVB2hzIU;JP Performance - Wer bestellt denn sowas?! | Mercedes-Benz G63;2021-11-10;UC1-VOKyTJrgLiBeiJqzeIUQ
wb7KInyW2AY;JP Performance - Die Evolution des Lancer Evo! | Die Legende(n) auf der LaSiSe;2021-11-09;UC1-VOKyTJrgLiBeiJqzeIUQ
lFh33XzY5o4;JP Performance - Passt der V12 in den 500E? | Mercedes 500E Engine Swap;2021-11-08;UC1-VOKyTJrgLiBeiJqzeIUQ
DEz2W5ZpObk;JP Performance - UNSER NEUER LAMBORGHINI URUS;2021-11-05;UC1-VOKyTJrgLiBeiJqzeIUQ
ewp4QUbpcxY;JP Performance - Weiter gehts am Audi TT! | Die Felgenparty 2.0! | Das Super Car-Battle!;2021-11-04;UC1-VOKyTJrgLiBeiJqzeIUQ
Bf2_4-cpyE0;JP Performance - Die 350Z Felgenparty! | Ich dreh komplett durch! | Das Super Car-Battle!;2021-11-03;UC1-VOKyTJrgLiBeiJqzeIUQ
tMCTN6j-S5I;JP Performance - Das volle Paket! Audi RSQ3 APR Umbau;2021-11-02;UC1-VOKyTJrgLiBeiJqzeIUQ
Ft0CwhlcjPU;JP Performance - Die Soundorgie bei APR!;2021-11-01;UC1-VOKyTJrgLiBeiJqzeIUQ
H8UaDpw7PY4;JP Performance - Unser neuer Begleiter! | Wir bestellen einen Audi RS3!;2021-10-29;UC1-VOKyTJrgLiBeiJqzeIUQ
JlPqwhmxfgs;JP Performance - Back to the Start Kollektion | Drop 2;2021-10-28;UC1-VOKyTJrgLiBeiJqzeIUQ
a35uYQODHjc;JP Performance - Nissan 350Z Ready to Race? | Das Super Car-Battle!;2021-10-28;UC1-VOKyTJrgLiBeiJqzeIUQ
eFDjulU_zWg;JP Performance -  BOXENSTOP für den TT | Das Super Car-Battle!;2021-10-27;UC1-VOKyTJrgLiBeiJqzeIUQ
xiG-X9pCSnw;JP Performance - Das ist Recaro;2021-10-26;UC1-VOKyTJrgLiBeiJqzeIUQ
_7JFBk1R020;JP Performance - Zu Besuch bei Philipp Kaess | Hinter den Kulissen von Arlows;2021-10-25;UC1-VOKyTJrgLiBeiJqzeIUQ
ENIgZECs1fQ;JP Performance - Mercedes-Benz EQS | Das modernste Auto der Welt?;2021-10-22;UC1-VOKyTJrgLiBeiJqzeIUQ
A_uwFpblzdY;JP Performance - Das Super Car - Battle! | Wie viel Bums haben die beiden? Nissan 350Z VS Audi TT;2021-10-21;UC1-VOKyTJrgLiBeiJqzeIUQ
w_Lw0Ix2E54;JP Performance - DAS ist der Carlender 2022! Der beste Carlender den wir jemals gemacht haben!;2021-10-20;UC1-VOKyTJrgLiBeiJqzeIUQ
GJ6rylW5D7I;JP Performance - BILLO NOS & Dachschaden EXTREM! | Kraemo will´s wissen!;2021-10-20;UC1-VOKyTJrgLiBeiJqzeIUQ
ZlMrxdd9t-E;JP Performance - Completely Uncut #1 | Kraemo & Kubik;2021-10-19;UC1-VOKyTJrgLiBeiJqzeIUQ
SZxW3TuduBU;JP Performance - Bis zur letzten Schraube! | AP-Car-Design Porsche 964;2021-10-18;UC1-VOKyTJrgLiBeiJqzeIUQ
h5_c1H7w9OA;JP Performance - DER CARLENDER 2022 IST FERTIG!;2021-10-15;UC1-VOKyTJrgLiBeiJqzeIUQ
xtbU9KbZ2_g;JP Performance - Das SUPER CAR-BATTLE LaSiSe | Nissan 350Z VS Audi TT;2021-10-15;UC1-VOKyTJrgLiBeiJqzeIUQ
RtFZuIBQl64;JP Performance - DAS habt IHR Marie ermöglicht! & Das neue BOOST WARS 2.1 Design!;2021-10-14;UC1-VOKyTJrgLiBeiJqzeIUQ
bPhSOVcVOBo;JP Performance - Mit dem VW Traeton auf der Flucht! | Kraemo wills wissen!;2021-10-13;UC1-VOKyTJrgLiBeiJqzeIUQ
w2I5MfnSEGc;JP Performance - Billige Dekadenz! | Mercedes S600 Bestandsaufnahme Spendermotor!;2021-10-12;UC1-VOKyTJrgLiBeiJqzeIUQ
lxkFgkEscY4;JP Performance - Der Mann dahinter | Das Beetle Design!;2021-10-11;UC1-VOKyTJrgLiBeiJqzeIUQ
qGanQFvZhWs;JP Performance - Ihr Fragt/Ich Antworte #90;2021-10-08;UC1-VOKyTJrgLiBeiJqzeIUQ
wv9mM-tcIFg;JP Performance - Krasser als 2Crazy? | Das Toyota Supra 2.0 Design;2021-10-07;UC1-VOKyTJrgLiBeiJqzeIUQ
7q3-PiJy7yE;JP Performance - Die rollende Badewanne! | Kraemo wills wissen!;2021-10-06;UC1-VOKyTJrgLiBeiJqzeIUQ
xZFj72v6ZMQ;JP Performance - Fast unendliche Möglichkeiten!  | Ideenfindung bei AP-Car-Design;2021-10-05;UC1-VOKyTJrgLiBeiJqzeIUQ
gzQb1FIFkvQ;JP Performance - Erfülle ich mir meinen Azubi-Traum? | Probefahrt im Porsche 996 GT2;2021-10-04;UC1-VOKyTJrgLiBeiJqzeIUQ
2u9fc61w-3Q;JP Performance - Back to the Start Kollektion | Drop 2;2021-10-01;UC1-VOKyTJrgLiBeiJqzeIUQ
nrsE5BTe8uk;JP Performance - Das SUPER CAR-BATTLE!;2021-10-01;UC1-VOKyTJrgLiBeiJqzeIUQ
VIIt1Bysmhw;JP Performance - Jetzt wird komplett zersägt! | Kraemo wills wissen;2021-09-30;UC1-VOKyTJrgLiBeiJqzeIUQ
O_-ndYYF-d0;JP Performance - Die Eiszeit beginnt! | Quattro selber eisstrahlen und Kubiks neues Auto messen;2021-09-29;UC1-VOKyTJrgLiBeiJqzeIUQ
pJqj_9GZe9w;JP Performance - Aus Trostlos wird Rostlos! | Mercedes 500E;2021-09-28;UC1-VOKyTJrgLiBeiJqzeIUQ
yllDWcotTz0;JP Performance - Wird's schon wieder teuer ? | Porsche 992 GT3;2021-09-27;UC1-VOKyTJrgLiBeiJqzeIUQ
sOrewSnvvQ8;JP Performance - Das Schnellste SUV der Welt! | Brabus GLE 900 Rocket Edition!;2021-09-24;UC1-VOKyTJrgLiBeiJqzeIUQ
dJ9aOaXNXvQ;JP Performance - Die erste Fahrt im Beetle GT | DAS ROLLOUT;2021-09-23;UC1-VOKyTJrgLiBeiJqzeIUQ
0HUAB1D0bEk;JP Performance - Back to the Start Kollektion | Drop 1;2021-09-22;UC1-VOKyTJrgLiBeiJqzeIUQ
5sXe75GwY8o;JP Performance - 900 PS wie wir sie noch nie erlebt haben!;2021-09-22;UC1-VOKyTJrgLiBeiJqzeIUQ
7WcQmgxWTXY;JP Performance - EIN WELTWEITES UNIKAT | Projektstart mit AP Car Design;2021-09-21;UC1-VOKyTJrgLiBeiJqzeIUQ
iBbl01JtqDU;JP Performance - Unsere Bastelbuden! | Der Stand der Dinge;2021-09-20;UC1-VOKyTJrgLiBeiJqzeIUQ
CMCHZY-0014;JP Performance - Wir bitten um eure Aufmerksamkeit!;2021-09-19;UC1-VOKyTJrgLiBeiJqzeIUQ
Lmng82lsQvw;JP Performance - Beweg deinen Arsch!;2021-09-18;UC1-VOKyTJrgLiBeiJqzeIUQ
bDqXF77E2Mk;JP Performance - Neue Hufeisen für den Hengst | Ferrari F355 Felgen;2021-09-17;UC1-VOKyTJrgLiBeiJqzeIUQ
2AFU-ROfuds;JP Performance - Was ich mag, nicht mag! | Opel Mokka E;2021-09-16;UC1-VOKyTJrgLiBeiJqzeIUQ
jg2r2WSD4q8;JP Performance - Auf letzter Rille fahren! | Kraemo wills wissen!;2021-09-15;UC1-VOKyTJrgLiBeiJqzeIUQ
UJzrbBY1g_w;JP Performance - Was ich mag/nicht mag! | BMW M4 G82;2021-09-14;UC1-VOKyTJrgLiBeiJqzeIUQ
o1xvNT9MXeQ;JP Performance - Der Röntgenblick! | Sind die Felgen zu retten ?! | Audi S1 Quattro;2021-09-13;UC1-VOKyTJrgLiBeiJqzeIUQ
bq_eqagmDQk;JP Performance - Das große Schlappenvideo! | C63 Black Series + Überraschung;2021-09-11;UC1-VOKyTJrgLiBeiJqzeIUQ
4v60CD0MPF0;JP Performance - Wir sind bei Bugatti! | Einer von Zehn!;2021-09-10;UC1-VOKyTJrgLiBeiJqzeIUQ
yZmrK1nqHzc;JP Performance - Der komplette Wahnsinn! | Kraemo wills wissen;2021-09-09;UC1-VOKyTJrgLiBeiJqzeIUQ
RAqoHYGBfnM;JP Performance - Gran Turismo Dortmund | Der Beetle GT ist fertig!;2021-09-08;UC1-VOKyTJrgLiBeiJqzeIUQ
zN3vhLMHUPw;JP Performance - Rouvens Audi Coupé | Die Vollendung!;2021-09-07;UC1-VOKyTJrgLiBeiJqzeIUQ
UUJ8rHU6Iko;JP Performance - Sind das wirklich 1000 PS?! | Ferrari SF90 Felgen & Federn;2021-09-06;UC1-VOKyTJrgLiBeiJqzeIUQ
KTf6LcuvgZE;JP Performance - Ihr Fragt/Ich Antworte #89 *Spezial*;2021-09-03;UC1-VOKyTJrgLiBeiJqzeIUQ
lYebizIuhlU;JP Performance - Rostlaube?! | Mercedes 500E;2021-09-02;UC1-VOKyTJrgLiBeiJqzeIUQ
6c7TGhvrAzQ;JP Performance - Das Spiel ist Realität! | VW Beetle GT;2021-09-01;UC1-VOKyTJrgLiBeiJqzeIUQ
5A36Xwj9SEU;JP Performance - Ich wollte schon immer einen Trabi haben! | Kraemo wills wissen!;2021-08-31;UC1-VOKyTJrgLiBeiJqzeIUQ
9kqeG_PobUA;JP Performance - Kraemos erstes Driftbattle! | Driftbrothers Competition Car;2021-08-30;UC1-VOKyTJrgLiBeiJqzeIUQ
8_EEe_doxsA;VW Beetle GT Bodykit | Schockierend gut!;2021-08-27;UC1-VOKyTJrgLiBeiJqzeIUQ
8QYRX4oLEqc;Audi Quattro S1 | Läuft er oder nicht?;2021-08-26;UC1-VOKyTJrgLiBeiJqzeIUQ
PF3MSETIo9M;Das aufwendigste Projekt, das wir jemals hatten!;2021-08-25;UC1-VOKyTJrgLiBeiJqzeIUQ
4XnqgSyW-uU;Das ist der perfekte Stern! | Mercedes Benz 280SL Pagode von Brabus;2021-08-24;UC1-VOKyTJrgLiBeiJqzeIUQ
rkcwCkR7-tQ;JP Performance - Feinschliff von den Meistern!;2021-08-23;UC1-VOKyTJrgLiBeiJqzeIUQ
nhDdUwdKtNY;JP Performance - Zweirad, Dreirad oder Vierrad?! | Kraemo wills wissen!;2021-08-20;UC1-VOKyTJrgLiBeiJqzeIUQ
TKw4P80W06A;JP Performance - JETZT ROTZT ER! | VW Polo GTI APR Stage 2;2021-08-19;UC1-VOKyTJrgLiBeiJqzeIUQ
KF1yMNhq53g;JP Performance - Das hat noch gefehlt! | Toyota Supra MK5 | Die neuen Stelzen!;2021-08-18;UC1-VOKyTJrgLiBeiJqzeIUQ
LFLKIE2AgEk;JP Performance - Das schleift sich frei, oder? | Kraemo wills wissen!;2021-08-17;UC1-VOKyTJrgLiBeiJqzeIUQ
RVyWEFq5gO4;JP Performance - Ein (kleiner) Teil der Firma BRABUS!;2021-08-16;UC1-VOKyTJrgLiBeiJqzeIUQ
gJCEw51Afdk;JP Performance - Der Mann hinter BRABUS | Interview mit Constantin;2021-08-14;UC1-VOKyTJrgLiBeiJqzeIUQ
-JdamvzP6a0;JP Performance - MANTA, MANTA! | Parade auf der LaSiSe;2021-08-13;UC1-VOKyTJrgLiBeiJqzeIUQ
r-FVZIkDNxI;JP Performance - Der hat nen Rad ab | Kraemo will´s wissen!;2021-08-12;UC1-VOKyTJrgLiBeiJqzeIUQ
kkn3EkPisBk;JP Performance - Wiedergeburt einer Legende!;2021-08-11;UC1-VOKyTJrgLiBeiJqzeIUQ
g6PrfbTIST8;JP Performance - Er wird zum Giftzwerg! | APR Software für den VW Polo GTI;2021-08-10;UC1-VOKyTJrgLiBeiJqzeIUQ
rR6es-az7Vk;JP Performance - 900PS & 1250Nm im SUV! | Brabus G900 Rocket Edition;2021-08-09;UC1-VOKyTJrgLiBeiJqzeIUQ
j41RlF1Ntf4;JP Performance - Ihr fragt/Ich antworte! #88;2021-08-06;UC1-VOKyTJrgLiBeiJqzeIUQ
rKp7Ygs6hfY;JP Performance - Der Cyber-Punk! | Opel Manta GSE E-Mod;2021-08-05;UC1-VOKyTJrgLiBeiJqzeIUQ
W-G_eJKd2xQ;JP Performance - Die Eskalation startet! | Kraemo wills wissen!;2021-08-04;UC1-VOKyTJrgLiBeiJqzeIUQ
_gT8KcDgrDk;JP Performance - Alle guten Dinge sind 3 + Experiment Raketenraptor!;2021-08-03;UC1-VOKyTJrgLiBeiJqzeIUQ
c10eK84R0as;JP Performance - Die 900PS RAKETE! Brabus Rocket 900 | Das 1050NM MONSTER;2021-08-02;UC1-VOKyTJrgLiBeiJqzeIUQ
FyZb6yK7k9M;JP Performance - Ganz neue Möglichkeiten! | 3D-Druck bei Mahle;2021-07-31;UC1-VOKyTJrgLiBeiJqzeIUQ
Xt_caZPCXL8;JP Performance - Alle meine Autos seit ich 18 bin | Das sind dann alle, oder?;2021-07-30;UC1-VOKyTJrgLiBeiJqzeIUQ
q1P3lvWoQ-E;JP Performance - WIR HABEN LANGE GEWARTET! | Thunderbunny Vollendung und Porsche 993 X51 Klimbim;2021-07-29;UC1-VOKyTJrgLiBeiJqzeIUQ
HsIf_f63QYU;JP Performance - Noch geilerer Klang! | Mercedes C63 Blackseries;2021-07-28;UC1-VOKyTJrgLiBeiJqzeIUQ
buZCrHmaCLw;JP Performance - So giftig wie er aussieht? | Testfahrt im Ford Puma ST;2021-07-27;UC1-VOKyTJrgLiBeiJqzeIUQ
uG1ShIzlPu8;JP Performance - Das Felgen-Finish! Ist die Farbe zu gewagt? | BMW M4 G82;2021-07-26;UC1-VOKyTJrgLiBeiJqzeIUQ
ZzJnVx8xvIQ;JP Performance - Wir drehen am Rad!;2021-07-23;UC1-VOKyTJrgLiBeiJqzeIUQ
ZVB9_VYOQd8;JP Performance - E-Gas ... eine weitere Lösung!?;2021-07-22;UC1-VOKyTJrgLiBeiJqzeIUQ
vZzTrA2aElw;JP Performance - Spoileralarm! | BMW M4 G82 Fahrwerk & Spoiler;2021-07-21;UC1-VOKyTJrgLiBeiJqzeIUQ
F6hXHgcweBw;JP Performance - DAS könnte teuer werden! | Zu Besuch bei AP Car Design;2021-07-20;UC1-VOKyTJrgLiBeiJqzeIUQ
CHC06zEktGY;JP Performance - Er wird zum HULK! | Opel Mokka-E;2021-07-19;UC1-VOKyTJrgLiBeiJqzeIUQ
owUHFk0nGTQ;JP Performance - Alle meine Autos seit ich 18 bin! Sind es zu viele?;2021-07-16;UC1-VOKyTJrgLiBeiJqzeIUQ
4AA46NCfA48;JP Performance - Die Rettung für den Verbrenner!?;2021-07-15;UC1-VOKyTJrgLiBeiJqzeIUQ
Wk1TbB1bc0I;JP Performance - Der König der Erlkönige! | Hyundai Elantra N fahren, mit Albert Biermann!;2021-07-14;UC1-VOKyTJrgLiBeiJqzeIUQ
YSPiQB1jM4k;JP Performance - Besser als unser 720s? | McLaren 765LT;2021-07-13;UC1-VOKyTJrgLiBeiJqzeIUQ
UpIAzr08fak;JP Performance - Die längste Flamme auf dem Prüfstand? | Mazda RX-7;2021-07-12;UC1-VOKyTJrgLiBeiJqzeIUQ
1CqSc5zw9gw;JP Performance - Der absolute KILLERSOUND! & Eine dicke Lippe mit TÜV | VW Beetle GT & Audi RS 6;2021-07-09;UC1-VOKyTJrgLiBeiJqzeIUQ
xpkdh0LT09g;JP Performance - ZWEI LEGENDEN, EIN VIDEO! | E-LEGEND;2021-07-08;UC1-VOKyTJrgLiBeiJqzeIUQ
EMyPY1GvvDE;JP Performance - Alle meine Autos seit ich 18 bin!;2021-07-07;UC1-VOKyTJrgLiBeiJqzeIUQ
ebALytCCKHE;JP Performance - Saugstark mit dickem Rohr! | Volkswagen Golf 7R Ansaugung/ Downpipe MIT TÜV;2021-07-06;UC1-VOKyTJrgLiBeiJqzeIUQ
i848DYgfmcE;JP Performance - Heizen mit dem Ferrari F8 Tributo von NOVITEC!;2021-07-05;UC1-VOKyTJrgLiBeiJqzeIUQ
GLKBUfFSelg;JP Performance - STILLGELEGT!;2021-07-03;UC1-VOKyTJrgLiBeiJqzeIUQ
FKeKPXALHuc;JP Performance - Ihr Fragt/Ich Antworte #87 | On Tour Special;2021-07-02;UC1-VOKyTJrgLiBeiJqzeIUQ
QrWaYj9WjFI;JP Performance - Jetzt wird abgeseilt! Umbau auf Schaltseile | Audi RS4 B5;2021-07-01;UC1-VOKyTJrgLiBeiJqzeIUQ
ZkBIBhBrOlQ;JP Performance - Hyundai I30N Project C | Freshe Folie & unsere neue Marke?;2021-06-30;UC1-VOKyTJrgLiBeiJqzeIUQ
SbHYGGBxwcE;JP Performance - Knacken wir die GT2RS Zeit? | APR Porsche 911 Carrera T Neue Lader;2021-06-29;UC1-VOKyTJrgLiBeiJqzeIUQ
0hgAA88ESnc;JP Performance - Back to the Future - Krasser Innenraum! | Mercedes-Benz C63 AMG Black Series;2021-06-28;UC1-VOKyTJrgLiBeiJqzeIUQ
2QYUl6dU7QQ;JP Performance - Ihr fragt/Ich antworte! #86 | RAGE EDITION;2021-06-25;UC1-VOKyTJrgLiBeiJqzeIUQ
ctilQu7nwxg;JP Performance - Zuffenhausener Silberpfeil | Wildes Bodykit! | Porsche 993 X51;2021-06-24;UC1-VOKyTJrgLiBeiJqzeIUQ
MvfhaiBE3pM;JP Performance - Der Flammen-Guru | Mazda RX-7;2021-06-23;UC1-VOKyTJrgLiBeiJqzeIUQ
4Cu26vGQn9E;JP Performance - Endlich! Widebody von Dr. Crazy! | Rouvens Audi S2;2021-06-22;UC1-VOKyTJrgLiBeiJqzeIUQ
ofRA993ERE4;JP Performance - Brachialer 1200PS Porsche 997 von KKS!;2021-06-21;UC1-VOKyTJrgLiBeiJqzeIUQ
acGdywmDf3k;JP Performance - JETSKALATION! | Raketenkart auf der LaSiSe;2021-06-18;UC1-VOKyTJrgLiBeiJqzeIUQ
I94PZ3q_u6M;JP Performance - Die koreanische Rakete! | Wir fahren den Hyundai RM19;2021-06-16;UC1-VOKyTJrgLiBeiJqzeIUQ
iPGyCUlt7Zo;JP Performance - Spoiler? Tragflächen! | BMW M4 G82;2021-06-15;UC1-VOKyTJrgLiBeiJqzeIUQ
Av2mhijtlg0;JP Performance - Ein royaler Radkranz | Porsche 911 993 X51;2021-06-14;UC1-VOKyTJrgLiBeiJqzeIUQ
NL-c3Hy_vdk;JP Performance - Jetzt brüllt er legal!!! | Ferrari F355 Sound Tuning;2021-06-11;UC1-VOKyTJrgLiBeiJqzeIUQ
IpjReKbCjf4;JP Performance - Der Porsche Lift | Porsche 911 993;2021-06-10;UC1-VOKyTJrgLiBeiJqzeIUQ
hU1xcjmf5m4;JP Performance - Die Kosmetik Kur | Opel Mokka E Federn & Mazda RX7 neue Reifen;2021-06-09;UC1-VOKyTJrgLiBeiJqzeIUQ
X6XactTCIwc;JP Performance - Ausritt im SOUNDMONSTER | Audi RS4 B5 neue Zeiten;2021-06-08;UC1-VOKyTJrgLiBeiJqzeIUQ
W8aqZH83X9I;JP Performance - Unser Wankelmotor ist zurück! | Mazda RX7;2021-06-07;UC1-VOKyTJrgLiBeiJqzeIUQ
r7HNJ5O2wdQ;JP Performance - Der Flex ist Wheel! | Mercedes-Benz C63 AMG | Die Vollendung!;2021-06-04;UC1-VOKyTJrgLiBeiJqzeIUQ
-GLHVUS9FcU;JP Performance - Best Of Boost Wars | Nissan GTR R35;2021-06-03;UC1-VOKyTJrgLiBeiJqzeIUQ
Si4jbISiUVw;JP Performance - Mercedes-Benz C63 AMG | Fahrwerk & Spoiler;2021-06-02;UC1-VOKyTJrgLiBeiJqzeIUQ
ieIT_g7p9TY;JP Performance - Die Drift-Analyse! | BMW M4 G82;2021-06-01;UC1-VOKyTJrgLiBeiJqzeIUQ
tLg3QPvLacY;JP Performance - Was geht eigentlich im Pace Museum?;2021-05-31;UC1-VOKyTJrgLiBeiJqzeIUQ
0ByxNrtQNow;JP Performance - Latschen, Lack und Leisten | Mercedes C63 Black Series;2021-05-28;UC1-VOKyTJrgLiBeiJqzeIUQ
t9MfT8wgKQY;JP Performance - Zeitenjäger! | BMW G82 M4 auf der LaSiSe;2021-05-27;UC1-VOKyTJrgLiBeiJqzeIUQ
5SdTBG3HsL4;JP Performance - Glanz für den matten Japaner! | Mazda RX-7;2021-05-26;UC1-VOKyTJrgLiBeiJqzeIUQ
Yc3gNa9ujYU;JP Performance - Wie wacht die Firma eigentlich auf? | Ein Morgen bei JP Performance!;2021-05-25;UC1-VOKyTJrgLiBeiJqzeIUQ
R8N2zKxy1zY;JP Performance - Unser neues Schätzchen | Porsche 993 + Bestandsaufnahme;2021-05-24;UC1-VOKyTJrgLiBeiJqzeIUQ
fg0Bb-qwmL0;JP Performance - Ihr fragt/Ich antworte! | #85;2021-05-21;UC1-VOKyTJrgLiBeiJqzeIUQ
pSJURGGMfSw;JP Performance - BMW M4 G82 | Bestandsaufnahme + Zeiten messen;2021-05-20;UC1-VOKyTJrgLiBeiJqzeIUQ
XW3V5Ta5Ydc;JP Performance - Die Bestandsaufnahme + LaSiSe | Opel Mokka E;2021-05-19;UC1-VOKyTJrgLiBeiJqzeIUQ
sQXsJv_Lw5k;JP Performance - Channel Trailer 2.0;2021-05-18;UC1-VOKyTJrgLiBeiJqzeIUQ
9BKwK97R0Hk;JP Performance - Heben wir ab?! | VW Supergolf & Jet-Kart Zwischenstand;2021-05-18;UC1-VOKyTJrgLiBeiJqzeIUQ
4m4tlwOs-Zk;JP Performance - 106 PS MEHR! mit TÜV | Porsche 911 Carrera Turbo APR;2021-05-17;UC1-VOKyTJrgLiBeiJqzeIUQ
D6Q6doA7Sy4;JP Performance - VISIONS | JP Clothing;2021-05-14;UC1-VOKyTJrgLiBeiJqzeIUQ
yQQ472O3d4s;JP Performance - Quer im R! | Mit Benny Leuchter im neuen Golf 8 R;2021-05-14;UC1-VOKyTJrgLiBeiJqzeIUQ
G9LUfk4Ft24;JP Performance - Ist er jetzt vollendet? | Nissan GTR R32;2021-05-13;UC1-VOKyTJrgLiBeiJqzeIUQ
2Svn9eLQKss;JP Performance - Supergolf Motorschaden analysieren & Beetle GT Spoiler Talk;2021-05-12;UC1-VOKyTJrgLiBeiJqzeIUQ
USCtB4vNTQc;JP Performance - Unser neuer BMW M4 G82 | mit Markus Flasch;2021-05-11;UC1-VOKyTJrgLiBeiJqzeIUQ
_4k3MC0bMh8;JP Performance - Ballern mit Benny Leuchter | VW Golf GTI Clubsport;2021-05-10;UC1-VOKyTJrgLiBeiJqzeIUQ
2piuF8oMObA;JP Performance - Raw Sound of Ehra | Die Supergolf & Momentum Soundorgie!;2021-05-08;UC1-VOKyTJrgLiBeiJqzeIUQ
o-ow_QeucbI;JP Performance - Probefahrt mit den Geckos! | Wiesmann MF4 & MF5;2021-05-07;UC1-VOKyTJrgLiBeiJqzeIUQ
9LwhxEulBGU;JP Performance - Schneller als der RS6? | Kubiks Audi RS4 auf der LaSiSe;2021-05-06;UC1-VOKyTJrgLiBeiJqzeIUQ
cR4Ix5UO59M;JP Performance - Der Moment der Wahrheit! | Zeitenjagd mit dem Momentum;2021-05-05;UC1-VOKyTJrgLiBeiJqzeIUQ
RIWMJvZCIbs;JP Performance - Wir brauchen Banger Wheels! | Mercedes C63 Blackseries;2021-05-04;UC1-VOKyTJrgLiBeiJqzeIUQ
djDbNBj_ezY;JP Performance - Typisch Schweden... | Toyota Supra Mk4;2021-05-03;UC1-VOKyTJrgLiBeiJqzeIUQ
_H4Pkxq8l3o;JP Performance - SPECTRUM | JP Clothing;2021-04-30;UC1-VOKyTJrgLiBeiJqzeIUQ
hqyBffDOVUY;JP Performance - Die Supergolf Feuerprobe! | Zeiten messen;2021-04-30;UC1-VOKyTJrgLiBeiJqzeIUQ
IlkcxK3ZLpM;JP Performance - Die Ehra des Supergolf beginnt!;2021-04-29;UC1-VOKyTJrgLiBeiJqzeIUQ
eM-wzIE4vKg;JP Performance - Sieht so die Zukunft aus? | Hyundai IONIQ 5;2021-04-28;UC1-VOKyTJrgLiBeiJqzeIUQ
I5cHaAyG1tA;JP Performance - Mazda RX-7 bördeln und WO IST DER 1440er?;2021-04-27;UC1-VOKyTJrgLiBeiJqzeIUQ
d_t2jigOW-I;JP Performance - Ihr fragt/Ich antworte! | #84;2021-04-23;UC1-VOKyTJrgLiBeiJqzeIUQ
8BW4-A81xIg;JP Performance - Das Krümmer-Kunstwerk! | VW Beetle GT;2021-04-22;UC1-VOKyTJrgLiBeiJqzeIUQ
ALfRC5YG0k4;JP Performance - Neue Felgen für den rasenden Falken! | Audi RS6;2021-04-21;UC1-VOKyTJrgLiBeiJqzeIUQ
QDAYzl2aQp0;JP Performance - Wir sägen die Büchse auf! | Mercedes C63 AMG Black Series Umbau Start;2021-04-20;UC1-VOKyTJrgLiBeiJqzeIUQ
Ljl2nLFnyiM;JP Performance - Fahrgemeinschaft auf der LaSiSe! | Hyundai i30N TCR;2021-04-19;UC1-VOKyTJrgLiBeiJqzeIUQ
3w_hUcwr8TE;JP Performance - Ihr fragt/Ich fahre #9 | Dodge RAM TRX;2021-04-16;UC1-VOKyTJrgLiBeiJqzeIUQ
5gqq1fGnv6g;JP Performance - COLORS UNITED | JP Clothing;2021-04-15;UC1-VOKyTJrgLiBeiJqzeIUQ
gMnfYPA56gM;JP Performance - 1025 NM PURE GEWALT mit TÜV | Audi RS6 APR Software;2021-04-15;UC1-VOKyTJrgLiBeiJqzeIUQ
S00mYlWizqc;JP Performance - Mit der Assi Orgel Quer über die LaSiSe | Mercedes-Benz C63 AMG;2021-04-14;UC1-VOKyTJrgLiBeiJqzeIUQ
OY3OYwB10KY;JP Performance - Mehr Sound, Mehr Emotionen? | APR Audi RS4 Abgasanlage;2021-04-13;UC1-VOKyTJrgLiBeiJqzeIUQ
Plw0e_nFtuc;JP Performance - SO läuft der Hase!! | THUNDERBUNNY LASISE + fette Überraschung;2021-04-12;UC1-VOKyTJrgLiBeiJqzeIUQ
ee0SlrYeKWo;JP Performance - Ihr fragt/Ich fahre! | Hyundai i30N Facelift;2021-04-09;UC1-VOKyTJrgLiBeiJqzeIUQ
Ur-lVD2lITA;JP Performance - Die Turbine für den 1440er | Rasenmäher mit Düsenantrieb!;2021-04-08;UC1-VOKyTJrgLiBeiJqzeIUQ
QbWUFq82B2k;JP Performance - Hat es sich ausgewankelt? | Mazda RX-7 13B;2021-04-07;UC1-VOKyTJrgLiBeiJqzeIUQ
bN1PpLk8fnU;JP Performance - ÜBER 1000 PS Abstimmung + LaSiSe Testfahrt | DER SUPERGOLF;2021-04-06;UC1-VOKyTJrgLiBeiJqzeIUQ
D4RB6XadB_g;JP Performance - Unser neuer Stromer! | Opel Mokka E;2021-04-05;UC1-VOKyTJrgLiBeiJqzeIUQ
gFZE965YvWI;JP Performance - Wo der Frosch die Nocken hat! | VW Supergolf Nockenwellen einstellen;2021-04-02;UC1-VOKyTJrgLiBeiJqzeIUQ
VDWvxHXJijA;JP Performance - Die Hochzeit mit den 5-Zylindern & LightStripes | Beetle GT Sport;2021-04-01;UC1-VOKyTJrgLiBeiJqzeIUQ
0u-P3chJ5Xg;JP Performance - Die Luftwaffe & falsche Software? | Audi RS4 APR;2021-03-31;UC1-VOKyTJrgLiBeiJqzeIUQ
CucyUZeBgWA;JP Performance - Das neue Design für die Driftbrothers! | Eine krasse Herausforderung!;2021-03-30;UC1-VOKyTJrgLiBeiJqzeIUQ
Ind4nh2H0_0;JP Performance - Ihr fragt/Ich fahre #8 | Hyundai i20N;2021-03-29;UC1-VOKyTJrgLiBeiJqzeIUQ
6i6eKknE_n0;JP Performance - Wie weit komme ich nach 0? und eure Fragen | Porsche Taycan Turbo S;2021-03-26;UC1-VOKyTJrgLiBeiJqzeIUQ
HFz680rNaLU;JP Performance - Krasser Sound! | Mercedes C63 AMG Abgasanlage, Krümmer & Prüfstand;2021-03-24;UC1-VOKyTJrgLiBeiJqzeIUQ
Nupyb1clXwk;JP Performance - Alles muss raus! VW Beetle GT | Käfig und Interieur;2021-03-23;UC1-VOKyTJrgLiBeiJqzeIUQ
Z5nuOTf_FyY;JP Performance - Komplett BREIT auf der LaSiSe! | Toyota Supra MK5 Dynamic;2021-03-22;UC1-VOKyTJrgLiBeiJqzeIUQ
wkxhjeiJo3A;JP Performance - Machen wir ihn einen Kopf kürzer? | Beetle GT Dach und Felgen planen;2021-03-19;UC1-VOKyTJrgLiBeiJqzeIUQ
gHAEzooJO7k;JP Performance - Driftbrothers | Die neue Driftflotte!;2021-03-18;UC1-VOKyTJrgLiBeiJqzeIUQ
6amqNfsafGA;JP Performance - 80 PS zu wenig! | Mercedes C63 AMG Prüfstand;2021-03-17;UC1-VOKyTJrgLiBeiJqzeIUQ
suAq_j7bdqY;JP Performance - Muss ein Porsche immer singen ? | Der Mletzko auf Basis eines 964!;2021-03-16;UC1-VOKyTJrgLiBeiJqzeIUQ
VqcOmxZCYnc;JP Performance - Zu Besuch bei KW SUSPENSIONS | Teil 2;2021-03-12;UC1-VOKyTJrgLiBeiJqzeIUQ
-nJ5jUqRqMg;JP Performance - Ihr fragt /Ich fahre! #7 | Corvette C8;2021-03-11;UC1-VOKyTJrgLiBeiJqzeIUQ
MhhKMG9JqfI;JP Performance - Lassen wir den RC-Racer heile? + Erster 1440er Turbo-Run;2021-03-10;UC1-VOKyTJrgLiBeiJqzeIUQ
AWO2AxiAwYw;JP Performance - DAS HÖRBUCH;2021-03-09;UC1-VOKyTJrgLiBeiJqzeIUQ
fACLOp12uDw;JP Performance - Was taugt der Audi RS4 B9 von Klaas? | Erster Ausritt;2021-03-09;UC1-VOKyTJrgLiBeiJqzeIUQ
5NPgN8CW3iQ;JP Performance - Mit den Göttern im Drift Olymp! | Wir treffen die Driftbrothers;2021-03-08;UC1-VOKyTJrgLiBeiJqzeIUQ
Ptb76LOlbi8;JP Performance - The Fast and the Furious-Modus aktiviert! | HKS SSQV Blow Off/Ladeluftkühler | RX-7;2021-03-05;UC1-VOKyTJrgLiBeiJqzeIUQ
lwg-nhor_v8;JP Performance - 5 Pötte für ein Hallelujah! | 5 Zylinder Turbo im Beetle GT;2021-03-04;UC1-VOKyTJrgLiBeiJqzeIUQ
VWBVCnj0FSg;JP Performance - Die fast perfekte Basis | Wir kaufen unseren MERCEDES C63 AMG;2021-03-03;UC1-VOKyTJrgLiBeiJqzeIUQ
1-4xzJSIo38;JP Performance - Nicht mehr ganz dicht?! + neuer Ladeluftkühler | Toyota Supra Mk4;2021-02-26;UC1-VOKyTJrgLiBeiJqzeIUQ
HI972KdqtV4;JP Performance - Zu Besuch bei Dr. Düsentrieb;2021-02-25;UC1-VOKyTJrgLiBeiJqzeIUQ
hb4ymmj1bbs;JP Performance - DAS ist unser BEETLE GT | Abholung bei Prior Design;2021-02-24;UC1-VOKyTJrgLiBeiJqzeIUQ
b92hmjoys5M;JP Performance - Die Kreiskolben-Technik! | Wankel-Talk #01;2021-02-22;UC1-VOKyTJrgLiBeiJqzeIUQ
s0E8KoBtDq4;JP Performance - Auf historisch angelehnt! | Toyota Supra Mk5 Design + RC Beschleunigungstest;2021-02-18;UC1-VOKyTJrgLiBeiJqzeIUQ
g80WBShOOqo;JP Performance - Tiefschnee Driften auf der Lasise + Zeit | Ford Raptor;2021-02-17;UC1-VOKyTJrgLiBeiJqzeIUQ
0OZ_A8R8tmU;JP Performance - Die krassesten Felgen für die JDM Legende | Mazda RX-7;2021-02-15;UC1-VOKyTJrgLiBeiJqzeIUQ
lafIhAHm2uQ;JP Performance - Wie schlagen sich die 24 Zoll? | Ford Explorer | LaSiSe;2021-02-10;UC1-VOKyTJrgLiBeiJqzeIUQ
xoGsWdg5jVA;JP Performance - Fieser geht's nicht! | Mercedes-Benz C63 AMG Black Series;2021-02-09;UC1-VOKyTJrgLiBeiJqzeIUQ
vnjza1svqYQ;JP Performance - Im Boden versunken! | Mazda RX-7 Gewindefahrwerk;2021-02-08;UC1-VOKyTJrgLiBeiJqzeIUQ
UjL4lh1ARaw;JP Performance - Eure Fragen an den TÜV #fragheinrich | Teil 3;2021-02-06;UC1-VOKyTJrgLiBeiJqzeIUQ
J9dqtZWRtJI;JP Performance - Ihr Fragt /Ich Fahre! #5 | Ford Mustang Mach-E;2021-02-05;UC1-VOKyTJrgLiBeiJqzeIUQ
xdmp4tbCxh8;JP Performance - Auf einen Schlag | Polestar 1 Probefahrt + Messuhrenvergleich;2021-02-03;UC1-VOKyTJrgLiBeiJqzeIUQ
oT42C-HrTDk;JP Performance - Saftige Tröte für den Reisbomber + Unfall | Mazda RX-7 Abgasanlage & Downpipe;2021-02-02;UC1-VOKyTJrgLiBeiJqzeIUQ
taupP-mWiMk;JP Performance - Jetzt wird´s kompliziert! | Toyota Supra Mk4 ECU;2021-02-01;UC1-VOKyTJrgLiBeiJqzeIUQ
T1HwqQdVd1c;JP Performance - Eure Fragen an den TÜV! #fragheinrich | Teil 2;2021-01-30;UC1-VOKyTJrgLiBeiJqzeIUQ
xNZqBOe4YVg;JP Performance - Die große Klimbim-Party! | Ferrari F355, VW Thunderbunny & Supra MK5 Dynamic;2021-01-29;UC1-VOKyTJrgLiBeiJqzeIUQ
-P_6_AJKuhI;JP Performance - Höllischer Sound & fette Bremse | Audi RS4;2021-01-28;UC1-VOKyTJrgLiBeiJqzeIUQ
C6lfhuO3oxk;JP Performance - Wie in alten Zeiten | Mazda RX-7 Steuergerät & Prüfstand;2021-01-21;UC1-VOKyTJrgLiBeiJqzeIUQ
BikVGKsLMwk;JP Performance - Gangster-Schlappen für den SUV! | Ford Explorer;2021-01-20;UC1-VOKyTJrgLiBeiJqzeIUQ
5U2i9VPCfRw;JP Performance - Stimmiger geht kaum! | Toyota Supra MK5 Widebody & Felgen;2021-01-19;UC1-VOKyTJrgLiBeiJqzeIUQ
W2F7zGPwNQI;JP Performance - Unser erstes REAKTIONSVIDEO | KRANKER RX-7 Sound;2021-01-15;UC1-VOKyTJrgLiBeiJqzeIUQ
_zxulfQoQDY;JP Performance - Godzilla wird gezähmt | Nissan GTR R34;2021-01-13;UC1-VOKyTJrgLiBeiJqzeIUQ
unpcO5pkqwY;JP Performance - Die Bestandsaufnahme | Ford Explorer;2021-01-12;UC1-VOKyTJrgLiBeiJqzeIUQ
0e0TJskjhmk;JP Performance - Unser erster kolbenloser Motor! | 2 Millionen-Abo-Enthüllung;2021-01-11;UC1-VOKyTJrgLiBeiJqzeIUQ
FIV9zxduRP0;JP Performance - Die Carlender Porn Party! | 2020;2021-01-01;UC1-VOKyTJrgLiBeiJqzeIUQ
mfZ2WZDuxtI;JP Performance - Best of Funny 2020;2020-12-24;UC1-VOKyTJrgLiBeiJqzeIUQ
WvbxS-wjA-s;JP Performance - DAS IST PACE!;2020-12-17;UC1-VOKyTJrgLiBeiJqzeIUQ
X8sHhzBPUrU;JP Performance - PACE!;2020-12-16;UC1-VOKyTJrgLiBeiJqzeIUQ
yNMv4cVM0WY;JP Performance - Beetle GT bei Prior Design;2020-12-15;UC1-VOKyTJrgLiBeiJqzeIUQ
IFeAn0w57EM;JP Performance - Ulli aus Maranello | Ferrari F355;2020-12-14;UC1-VOKyTJrgLiBeiJqzeIUQ
LwEOmK5mSCY;JP Performance - Der Dunlop Außendienstwagen! | BMW E9 3.0 CSI;2020-12-11;UC1-VOKyTJrgLiBeiJqzeIUQ
usqt2gf2NuM;JP Performance - Der Abenteuer Roadtrip mit Wasserstoff | + Albert Biermann;2020-12-10;UC1-VOKyTJrgLiBeiJqzeIUQ
Ahb7j7rbbMM;JP Performance - Ihr fragt/Ich fahre #3 | Porsche 992 Turbo S;2020-12-09;UC1-VOKyTJrgLiBeiJqzeIUQ
31p9f1vSsrw;JP Performance - Raketenstühle und Ballerrohre | VW Thunderbunny;2020-12-08;UC1-VOKyTJrgLiBeiJqzeIUQ
SgfTpzA3ezs;JP Performance - Ford Explorer Auslieferung;2020-12-07;UC1-VOKyTJrgLiBeiJqzeIUQ
gBsZt0n-wb4;JP Performance - Feliz Navidad | JP Clothing;2020-12-04;UC1-VOKyTJrgLiBeiJqzeIUQ
VUtbnYXw2Pg;JP Performance - Jetzt wird geflext! | Toyota Supra Dynamic Bodykit!;2020-12-04;UC1-VOKyTJrgLiBeiJqzeIUQ
LDlW9c2Q6dA;JP Performance - Mit dem Beetle bei Prior!;2020-12-03;UC1-VOKyTJrgLiBeiJqzeIUQ
uLM-KBafPYw;JP Performance - 2,7L auf dem Tisch | Audi RS4 B5;2020-12-02;UC1-VOKyTJrgLiBeiJqzeIUQ
NF7ihYafgqY;JP Performance - Ihr fragt, Ich fahre! #2 LaSiSe Spezial | BMW M8 Competition;2020-12-01;UC1-VOKyTJrgLiBeiJqzeIUQ
a6eOvyPSJcs;JP Performance - Latschen in Überbreite! | VW Golf 2 Thunderbunny | Neue Felgen;2020-11-30;UC1-VOKyTJrgLiBeiJqzeIUQ
ECUVQDvkUsU;JP Performance - Ihr fragt/Ich antworte! #82;2020-11-27;UC1-VOKyTJrgLiBeiJqzeIUQ
_zwtvC2MsBQ;JP Performance - Aus Spiel wird Realität! | Unser neues Projekt;2020-11-26;UC1-VOKyTJrgLiBeiJqzeIUQ
dL5dpekApP8;JP Performance - Zu Besuch bei Mechatronik | Das ist 'Project 107'!;2020-11-24;UC1-VOKyTJrgLiBeiJqzeIUQ
FDT9Wu9qS18;JP Performance - Jetzt geht´s ans Eingemachte! | VW Thunderbunny;2020-11-23;UC1-VOKyTJrgLiBeiJqzeIUQ
ivJXUG-3eHk;JP Performance - FALL TWO | JP Clothing;2020-11-20;UC1-VOKyTJrgLiBeiJqzeIUQ
hS-cciRm24A;JP Performance - Die Monsterschmiede! | Zu Besuch bei Mechatronik;2020-11-20;UC1-VOKyTJrgLiBeiJqzeIUQ
fkF9QdaMfg0;JP Performance - Ihr fragt ich fahre! | BMW M8 Competition;2020-11-19;UC1-VOKyTJrgLiBeiJqzeIUQ
9C4c_QPLNK4;JP Performance - Hyundai I30N TCR | Software + Prüfstand & Heckdiffusor!;2020-11-18;UC1-VOKyTJrgLiBeiJqzeIUQ
7u0lD0WsgSc;JP Performance - Audi RS4 B5 + Tuning auf der LaSiSe;2020-11-16;UC1-VOKyTJrgLiBeiJqzeIUQ
-FQLZ41dGak;JP Performance - McLaren 720S | Was ich mag, nicht mag!;2020-11-13;UC1-VOKyTJrgLiBeiJqzeIUQ
3x6Pawz5SME;JP Performance - Zu Besuch bei Parare! | Teil 1;2020-11-12;UC1-VOKyTJrgLiBeiJqzeIUQ
nBet2c1sYSg;JP Performance - Toyota Supra Dynamic | Auf der LaSiSe;2020-11-11;UC1-VOKyTJrgLiBeiJqzeIUQ
o2bMg_6ZtE4;JP Performance - Eine Art Bestandsaufnahme! | Volkswagen Golf 8 GTI;2020-11-10;UC1-VOKyTJrgLiBeiJqzeIUQ
tP37jjtgBR8;JP Performance - Das knallt richtig! | Toyota Supra Dynamic Abgasanlage;2020-11-06;UC1-VOKyTJrgLiBeiJqzeIUQ
m8AOCHW0GxE;JP Performance - Der Supertest! | VW Golf 5-8 GTI | Auf der LASISE;2020-11-05;UC1-VOKyTJrgLiBeiJqzeIUQ
O-HV_tnYZ5w;JP Performance - BMW E30 M4 auf der LaSiSe!;2020-11-03;UC1-VOKyTJrgLiBeiJqzeIUQ
Gnv5SD_Twdc;JP Performance - Toyota Supra MK5 Dynamic | Dickes Turbo-Upgrade!;2020-11-02;UC1-VOKyTJrgLiBeiJqzeIUQ
OaiKNqRui8I;JP Performance - Der Supertest! | VW Golf 1-8 GTI | Von 100 auf 0;2020-10-31;UC1-VOKyTJrgLiBeiJqzeIUQ
9G2uraTEfk4;JP Performance - Der Supertest! | Der Golf 8 GTI UND...!;2020-10-29;UC1-VOKyTJrgLiBeiJqzeIUQ
ayWOFSfjcCw;JP Performance - Mehr Druck für den Kessel! | Hochdruckpumpe & Turbo | Hyundai I30N TCR Renntaxi;2020-10-28;UC1-VOKyTJrgLiBeiJqzeIUQ
Vh4WxDLPDBo;JP Performance - Das neue Design! | BMW E30 M4 + Porsche 964 Turboschaden;2020-10-27;UC1-VOKyTJrgLiBeiJqzeIUQ
Lr74gODyCqQ;JP Performance -  Opel Speedster LaSiSe | Rennreifen & Dbilas Tuning;2020-10-26;UC1-VOKyTJrgLiBeiJqzeIUQ
BiIxQCCbFcg;JP Performance - DAS IST ER! | JP PERFORMANCE Carlender 2021;2020-10-20;UC1-VOKyTJrgLiBeiJqzeIUQ
tqvBea6JNYg;JP Performance - Kampfbemalung für euer Renntaxi! | Hyundai I30N TCR;2020-10-19;UC1-VOKyTJrgLiBeiJqzeIUQ
aKWVBaEO0rg;JP Performance - Der Mann hinter der M Power!;2020-10-17;UC1-VOKyTJrgLiBeiJqzeIUQ
GidIZ38anQ4;JP Performance - SUPERGOLF & MOMENTUM | DIE ERSTE FAHRT;2020-10-15;UC1-VOKyTJrgLiBeiJqzeIUQ
Cx80XRxyxCI;JP Performance - Wir fahren die Legende! | BMW M1 Procar;2020-10-14;UC1-VOKyTJrgLiBeiJqzeIUQ
x94KEZP47RU;JP Performance - Jean Pierre´s erstes Auto auf der LaSiSe | VW Polo 86C;2020-10-13;UC1-VOKyTJrgLiBeiJqzeIUQ
twmjvD6lbLY;JP Performance - Ein Monster-Lader für Percy! | Audi RS3 APR;2020-10-09;UC1-VOKyTJrgLiBeiJqzeIUQ
WRbecJSrYSU;JP Performance - Durch die M-Pochen! | Der M3/M4 Design-Stammbaum;2020-10-08;UC1-VOKyTJrgLiBeiJqzeIUQ
5qKCiAW36ns;JP Performance - Wir bauen ein RENNTAXI für EUCH! | Hyundai i30N TCR;2020-10-07;UC1-VOKyTJrgLiBeiJqzeIUQ
OCembLWsWHg;JP Performance - Breit, breiter...Thunderbunny! | Bodykit Abholung bei Prior!;2020-10-05;UC1-VOKyTJrgLiBeiJqzeIUQ
vmtSvwbHrMM;JP Performance - Zurück in der Zeit | Bentley Speed Six auf dem Prüfstand;2020-10-02;UC1-VOKyTJrgLiBeiJqzeIUQ
T3fRDVOsYfc;JP Performance - Zu Besuch bei Hyundai Motorsport | Teil 2;2020-09-30;UC1-VOKyTJrgLiBeiJqzeIUQ
A_MewdDkVKo;JP Performance - Driften im Opel Manta 2.4!;2020-09-28;UC1-VOKyTJrgLiBeiJqzeIUQ
-UoRa1qpl9c;JP Performance - Audi A4 Allroad mit Luftfahrwerk auf der LaSiSe;2020-09-25;UC1-VOKyTJrgLiBeiJqzeIUQ
Rgvk5jyQe3A;JP Performance - Zu Besuch im RUF Museum;2020-09-24;UC1-VOKyTJrgLiBeiJqzeIUQ
F6DDq2FMM7o;JP Performance - Das sind die zwei Krawall-Brüder!;2020-09-23;UC1-VOKyTJrgLiBeiJqzeIUQ
nDhA_fcbpS8;JP Performance - Zu Besuch im BMW M Studio;2020-09-22;UC1-VOKyTJrgLiBeiJqzeIUQ
DBjm9C8fKiA;JP Performance - Jean Pierres erstes Auto | VW Polo 86C;2020-09-21;UC1-VOKyTJrgLiBeiJqzeIUQ
vskrTq14Gdg;JP Performance - Zu Besuch bei Opel | Teil 2;2020-09-17;UC1-VOKyTJrgLiBeiJqzeIUQ
E_CqNjc7t80;JP Performance - Zu Besuch bei Opel! | Teil 1;2020-09-16;UC1-VOKyTJrgLiBeiJqzeIUQ
1a_RE-7ojVA;JP Performance - Der spoolende Holländer | SUPERGOLF E-Turbo;2020-09-15;UC1-VOKyTJrgLiBeiJqzeIUQ
Gkh2EqJAhN0;JP Performance - Happy Birthday Jean Pierre Kraemer;2020-09-14;UC1-VOKyTJrgLiBeiJqzeIUQ
QGHUHEh5QA8;JP Performance - DIE ERSTE FAHRT ! | BMW E30 M4;2020-09-11;UC1-VOKyTJrgLiBeiJqzeIUQ
DJ37Z6WDj4E;JP Performance - Unsere Klassenfahrt!;2020-09-10;UC1-VOKyTJrgLiBeiJqzeIUQ
VvAl6_dfAC8;JP Performance - Die erste Fahrt nach dem Umbau | GTR R32 LaSiSe Action;2020-09-09;UC1-VOKyTJrgLiBeiJqzeIUQ
eyVuiiG_AGc;JP Performance - Software und Ansaugung | Toyota Supra Dynamic;2020-09-04;UC1-VOKyTJrgLiBeiJqzeIUQ
PBDjZPpT6j8;JP Performance - 993 neue Felgen + Taycan Fahrwerksmodul;2020-09-03;UC1-VOKyTJrgLiBeiJqzeIUQ
3S0x8lNHjKg;JP Performance - Felgen, Fahrwerk, Leerlauf checken | Nissan GTR R32;2020-09-02;UC1-VOKyTJrgLiBeiJqzeIUQ
2BdRtvpY0dk;JP Performance - Retro-Tour im Klassiker! | VW Golf 1 GTI Pirelli;2020-08-31;UC1-VOKyTJrgLiBeiJqzeIUQ
Q0iRc31nkg0;JP Performance - Software + Burnouts | Hyundai i30N Project C;2020-08-28;UC1-VOKyTJrgLiBeiJqzeIUQ
VGIn9TOyS9I;JP Performance - Zu Besuch bei RUF! | Teil 2;2020-08-27;UC1-VOKyTJrgLiBeiJqzeIUQ
YALytHVRPl0;JP Performance - Zu Besuch bei RUF! | Teil 1;2020-08-26;UC1-VOKyTJrgLiBeiJqzeIUQ
5VJWKNMVoZ4;JP Performance - Das lauteste Auto, das wir jemals gefahren sind! | Novitec Aventador SVJ | Teil 4;2020-08-21;UC1-VOKyTJrgLiBeiJqzeIUQ
DdrEMcel3nw;JP Performance - Klimbim für den Nissan GTR R32!;2020-08-20;UC1-VOKyTJrgLiBeiJqzeIUQ
FyBLXj92GQI;JP Performance - Klangorchester aus dem Mclaren GT | Zu Besuch bei Novitec | Teil 3;2020-08-17;UC1-VOKyTJrgLiBeiJqzeIUQ
5cFTwQD7_m8;JP Performance - Ihr fragt/Ich antworte! #79;2020-08-14;UC1-VOKyTJrgLiBeiJqzeIUQ
PrIC-cj-Ccw;JP Performance - Machen wir ihn schneller? | Opel Speedster + Tuning auf der LaSiSe;2020-08-11;UC1-VOKyTJrgLiBeiJqzeIUQ
R4MY98KLJsI;JP Performance - Zu Besuch bei NOVITEC! | McLaren 720S | Carbon-Parts + Felgen;2020-08-10;UC1-VOKyTJrgLiBeiJqzeIUQ
iUD3j_FK_v4;JP Performance -  Der richtige Weg zum legalen Luftfahrwerk | Audi A4 Allroad | Teil 1;2020-08-06;UC1-VOKyTJrgLiBeiJqzeIUQ
GLkYz6sVpp8;JP Performance - Der Vergleich: Normales Auto auf der LaSiSe | VW Golf IV;2020-08-04;UC1-VOKyTJrgLiBeiJqzeIUQ
OU4cuXR9dKY;JP Performance - Jetzt wird gemessen! | Audi RS4 B5 Avant;2020-08-03;UC1-VOKyTJrgLiBeiJqzeIUQ
BmqjQ2pvLTs;JP Performance - Die neue Kollektion | DROP TWO!;2020-07-31;UC1-VOKyTJrgLiBeiJqzeIUQ
_AY5Kds5JMY;JP Performance - Das Toyota Motorsport Museum!;2020-07-27;UC1-VOKyTJrgLiBeiJqzeIUQ
fwjrIdA-jyA;JP Performance - Jetzt gibt's was auf die Ohren! | Audi RS4 B5 Abgasanlage;2020-07-22;UC1-VOKyTJrgLiBeiJqzeIUQ
aDUh3tTbxPs;JP Performance - Toyota Supra Dynamic auf der LaSiSe!;2020-07-21;UC1-VOKyTJrgLiBeiJqzeIUQ
yxZqaiVoMGI;JP Performance - Königlicher Besuch!;2020-07-20;UC1-VOKyTJrgLiBeiJqzeIUQ
mB0y5_knUBc;JP Performance - Toyotas Schatzkammer;2020-07-18;UC1-VOKyTJrgLiBeiJqzeIUQ
jgTU2IuxYd4;JP Performance - Wir haben den Toyota Supra Dynamic;2020-07-16;UC1-VOKyTJrgLiBeiJqzeIUQ
FmWrmv4dwlo;JP Performance - Sind die Kilometer echt? | McLaren 720S;2020-07-10;UC1-VOKyTJrgLiBeiJqzeIUQ
sL2hlhcNnwA;JP Performance - Audi RS3 APR Akrapovic AGA + Stage 1;2020-07-09;UC1-VOKyTJrgLiBeiJqzeIUQ
lm9R8gy-s5A;JP Performance - Heckspoiler und Käfig für den Thunderbunny!;2020-07-08;UC1-VOKyTJrgLiBeiJqzeIUQ
h2kNE4fHiQs;JP Performance - Fahrwerk und Felgen | Audi RS4;2020-07-07;UC1-VOKyTJrgLiBeiJqzeIUQ
JZXT8AxIL5U;JP Performance - Die Ford Mustang  JP Edition! + Lasise;2020-07-01;UC1-VOKyTJrgLiBeiJqzeIUQ
PqzmrKMcSe0;JP Performance - Fahrwerk und Downpipe | Hyundai i30N Project C;2020-06-30;UC1-VOKyTJrgLiBeiJqzeIUQ
WrUh0C26rqA;JP Performance - Unsere Wünsche wurden erhört | Opel Speedster;2020-06-29;UC1-VOKyTJrgLiBeiJqzeIUQ
O2oQ0vtBT7U;JP Performance - Wir lacken den Audi RS4 | Teil 3;2020-06-25;UC1-VOKyTJrgLiBeiJqzeIUQ
njGqG6hQCRk;JP Performance - Das unterschätzte Tuningteil! | Zu Besuch bei H&R;2020-06-24;UC1-VOKyTJrgLiBeiJqzeIUQ
oqBPG4cFkZU;JP Performance - Franky´s Golf IV auf der LaSiSe;2020-06-23;UC1-VOKyTJrgLiBeiJqzeIUQ
NpKpFRNeKeA;JP Performance - Mit Flo's M5 auf der LaSiSe!;2020-06-22;UC1-VOKyTJrgLiBeiJqzeIUQ
WeGY1j18oQ4;JP Performance - Das Problem... | VW SUPERGOLF;2020-06-19;UC1-VOKyTJrgLiBeiJqzeIUQ
FxZLHVsuwZg;JP Performance - Akrapovic Abgasanlage | Julien´s Audi TT RS;2020-06-18;UC1-VOKyTJrgLiBeiJqzeIUQ
YpjUtfGhNkc;JP Performance - Der geheime Hyundai Tuning Tunnel!;2020-06-17;UC1-VOKyTJrgLiBeiJqzeIUQ
3jt-62P0pp8;JP Performance - Erste Probefahrt in Flo's Bmw M5! mit 810 PS;2020-06-12;UC1-VOKyTJrgLiBeiJqzeIUQ
0L95BV6VCXg;JP Performance - Zu Besuch in den koeniglichen Hallen!;2020-06-09;UC1-VOKyTJrgLiBeiJqzeIUQ
OgJsoNYX3xo;JP Performance - Audi RS4 B5 | Die Bestandsaufnahme!;2020-06-01;UC1-VOKyTJrgLiBeiJqzeIUQ
DoRJMc21f6c;JP Performance - Audi R8 RWS Software;2020-05-27;UC1-VOKyTJrgLiBeiJqzeIUQ
WW4b-4Gx8dY;JP Performance - Wir holen die Zukunft ab | Porsche Taycan Turbo S;2020-05-21;UC1-VOKyTJrgLiBeiJqzeIUQ
9_9BIP369aU;JP Performance - Die krasse Probefahrt | Lancia Delta Integrale;2020-05-19;UC1-VOKyTJrgLiBeiJqzeIUQ
ham2mGl5QkU;JP Performance - Das Projekt ohne Namen | Ran an die Achsen!;2020-05-18;UC1-VOKyTJrgLiBeiJqzeIUQ
v33_23PJ_jQ;JP Performance - Der Tunnel stürzt ein 3.0!;2020-05-15;UC1-VOKyTJrgLiBeiJqzeIUQ
YC3B9Rx4yIg;JP Performance - Was ich mag/nicht mag! | Opel Corsa D OPC;2020-05-08;UC1-VOKyTJrgLiBeiJqzeIUQ
2iEoqztWbZA;JP Performance - Audi R8 V10 RWS | Die Bestandsaufnahme;2020-04-30;UC1-VOKyTJrgLiBeiJqzeIUQ
_I2b7BUyG-o;JP Performance - Software & Ausbeulen | Ford Raptor;2020-04-29;UC1-VOKyTJrgLiBeiJqzeIUQ
gi_pJeLAbGA;JP Performance - Felgen für den Boost Wars 2.0!;2020-04-22;UC1-VOKyTJrgLiBeiJqzeIUQ
qsJkzzAss6A;JP Performance - Audi RS6 neue Felgen | Ihr entscheidet!;2020-04-20;UC1-VOKyTJrgLiBeiJqzeIUQ
KN4D7xgvffU;JP Performance - Die Bestandsaufnahme | Golf III VR6;2020-04-16;UC1-VOKyTJrgLiBeiJqzeIUQ
-xk_Votm02M;JP Performance - Classic Remise | Wir fahren ein Stück Geschichte;2020-04-15;UC1-VOKyTJrgLiBeiJqzeIUQ
Cz6OpYvh-Rk;JP Performance - Upgrade Lader | Skoda Octavia RS;2020-04-13;UC1-VOKyTJrgLiBeiJqzeIUQ
6gFukczIBe8;JP Performance - Absolute Endstufe! | Boost Wars 2.0 Bodykit;2020-04-09;UC1-VOKyTJrgLiBeiJqzeIUQ
HR4rrWrNTok;JP Performance - Das ist Fahrstil!;2020-04-04;UC1-VOKyTJrgLiBeiJqzeIUQ
gDocUmdMkQA;JP Performance - Abgasanlage und Software | Skoda Octavia RS;2020-04-01;UC1-VOKyTJrgLiBeiJqzeIUQ
Z2MjpL-PQZc;JP Performance - DAS JP CAR COLLECTION QUARTETT;2020-03-28;UC1-VOKyTJrgLiBeiJqzeIUQ
Nl8otbwNnpE;JP Performance - Die Bestandsaufnahme | Skoda Octavia RS;2020-03-24;UC1-VOKyTJrgLiBeiJqzeIUQ
JALZDQoQ20k;JP Performance - Leichter als leicht! | Porsche GT3 RS | Neue Felgen;2020-03-19;UC1-VOKyTJrgLiBeiJqzeIUQ
zVpJFEbzLFE;JP Performance - Die neue Kollektion! | UNSTOPPABLE;2020-03-18;UC1-VOKyTJrgLiBeiJqzeIUQ
8kQ7_BXoQ5M;JP Performance - Opel Corsa D OPC | Bestandsaufnahme;2020-03-12;UC1-VOKyTJrgLiBeiJqzeIUQ
wsv56RDRLCA;JP Performance - Pikes Peak | The Final Cut;2020-03-11;UC1-VOKyTJrgLiBeiJqzeIUQ
VfaH9zCtDRw;JP Performance - Es passiert wirklich! | Brians Rallye Golf;2020-03-09;UC1-VOKyTJrgLiBeiJqzeIUQ
XVWedt1UZ6I;JP Performance - Es wird ein Pushrod | BMW E30 M4;2020-03-03;UC1-VOKyTJrgLiBeiJqzeIUQ
8UZamBr6tgM;JP Performance - Audi A4 Allroad | AIRRIDE;2020-03-02;UC1-VOKyTJrgLiBeiJqzeIUQ
7M-MHrLOt9k;JP Performance - Fehlersuche & OEM+ | Audi RS2;2020-02-28;UC1-VOKyTJrgLiBeiJqzeIUQ
T38tV0DE_zM;JP Performance - Ein himmlischer Ladeluftkühler | BMW E30 M4;2020-02-27;UC1-VOKyTJrgLiBeiJqzeIUQ
8qrMJ3se28A;JP Performance - Wir bauen unseren eigenen Turbolader! | Teil 1;2020-02-25;UC1-VOKyTJrgLiBeiJqzeIUQ
0IgAdy91Uio;JP Performance - Porsche GT3 RS | Neue Folie;2020-02-21;UC1-VOKyTJrgLiBeiJqzeIUQ
zDq82QBzTf0;JP Performance - Audi RS2 | Neue Felgen;2020-02-19;UC1-VOKyTJrgLiBeiJqzeIUQ
pGlNh1GYpQE;JP Performance - Brians Rallye Golf | Zu Besuch bei VW Classic Parts | Teil 1;2020-02-13;UC1-VOKyTJrgLiBeiJqzeIUQ
vTKmRbhIRXE;JP Performance - MOMENTUM | Kabelbaum + Felgen! | CHAPTER VI;2020-02-07;UC1-VOKyTJrgLiBeiJqzeIUQ
koV2m5DcT-k;JP Performance - Audi R8 V10 Plus | Frisch foliert!;2020-01-28;UC1-VOKyTJrgLiBeiJqzeIUQ
KE2iosqAN6s;JP Performance - Der etwas andere Jahresstart!;2020-01-13;UC1-VOKyTJrgLiBeiJqzeIUQ
RbAwJCCi-Mg;JP Performance - Best of 2019! | Teil 2;2019-12-31;UC1-VOKyTJrgLiBeiJqzeIUQ
fhnQ4_Gi8GU;JP Performance - Essen Motor Show 2019!;2019-12-06;UC1-VOKyTJrgLiBeiJqzeIUQ
fP9aJ98THxk;JP Performance - MOMENTUM;2019-11-28;UC1-VOKyTJrgLiBeiJqzeIUQ
VDR-e0h8Gj4;JP Performance - SchockVerliebt | Wir fahren den Porsche Taycan;2019-11-19;UC1-VOKyTJrgLiBeiJqzeIUQ
Vm4nAq092kk;JP Performance - SEMA SHOW 2019 | Teil 3;2019-11-15;UC1-VOKyTJrgLiBeiJqzeIUQ
x1kZTcGE-Co;JP Performance - Flo's Suzuki Swift Sport | LLK, Felgen, Fahrwerk, Ölkühler;2019-11-06;UC1-VOKyTJrgLiBeiJqzeIUQ
9VPZB0cs81Y;JP Performance - Mit Sören auf der LaSiSe! | AUDI TTRS 8s APR;2019-11-05;UC1-VOKyTJrgLiBeiJqzeIUQ
5gV6f0iYBpw;JP Performance - Schneller OHNE Flügel ?! | Porsche 991 GT3 RS;2019-10-24;UC1-VOKyTJrgLiBeiJqzeIUQ
mlE03yq7tyk;JP Performance - VW Supergolf Fahrwerk!;2019-10-10;UC1-VOKyTJrgLiBeiJqzeIUQ
4F7R9DfwvY0;JP Performance - Neue Felgen für den Opel Insignia GSI!;2019-09-02;UC1-VOKyTJrgLiBeiJqzeIUQ
jCIAy5B0_uA;JP Performance - Der Tunnel stürzt ein 2.0! | Chevrolet Camaro V8 AGA;2019-08-29;UC1-VOKyTJrgLiBeiJqzeIUQ
tTJ_rRI_-60;JP Performance - Der Blitz muss Richtung Boden! | Opel Insignia GSI Federn;2019-08-26;UC1-VOKyTJrgLiBeiJqzeIUQ
vH3AOZZd-Fg;JP Performance - Die volle RS6 Dröhnung! | Audi RS6 2019;2019-08-22;UC1-VOKyTJrgLiBeiJqzeIUQ
PLPTZSw2TZg;JP Performance - Ich baue mein Auto selbst! | Teil 1;2019-08-19;UC1-VOKyTJrgLiBeiJqzeIUQ
yyyq0cxLdWQ;JP Performance - Prüfstand + Ansaugung | Chevrolet Camaro;2019-08-15;UC1-VOKyTJrgLiBeiJqzeIUQ
VOCaNUreZiU;JP Performance - Der erste Umbau! | Toyota Supra MK5;2019-07-22;UC1-VOKyTJrgLiBeiJqzeIUQ
4BQFvouSDOg;JP Performance - Alles über Bremsen! | Zu Besuch bei MovIt;2019-07-09;UC1-VOKyTJrgLiBeiJqzeIUQ
bgOsDrdBeWs;JP Performance - Nach M kommt N! | Inside Hyundai | Teil 2;2019-07-02;UC1-VOKyTJrgLiBeiJqzeIUQ
v7tfWAUG4XU;JP Performance - Lass uns schützen was wir lieben! | 24h Rennen;2019-06-20;UC1-VOKyTJrgLiBeiJqzeIUQ
rn69Y3tHslA;JP Performance - Ab auf die Rolle! | Audi R8 V10 Plus Kompressor & McLaren 570S fahren!;2019-05-22;UC1-VOKyTJrgLiBeiJqzeIUQ
HIea8TtLnA8;JP Performance - Die Zwergenbande ist bereit für EUCH!;2019-05-21;UC1-VOKyTJrgLiBeiJqzeIUQ
XLcgBeuQNe4;JP Performance - Die Ära der LaSiSe beginnt! | Ford T-Modell;2019-05-13;UC1-VOKyTJrgLiBeiJqzeIUQ
U5h5LA0GUpc;JP Performance - Porsche 911 (992) | Fahrdynamik!;2019-04-26;UC1-VOKyTJrgLiBeiJqzeIUQ
mI8Ab0cAVoM;JP Performance - Das neue UFO für 2019! | IRONFORCE RACING;2019-04-16;UC1-VOKyTJrgLiBeiJqzeIUQ
VDrwnwhOMeY;JP Performance - Axel und Matthias zu Besuch!;2019-04-10;UC1-VOKyTJrgLiBeiJqzeIUQ
3z2JoqU-JiE;JP Performance - Nissan R35 GT-R Facelift | Neue Ladeluftkühler!;2019-01-18;UC1-VOKyTJrgLiBeiJqzeIUQ
cUSpsf1g_ho;JP Performance - Neues Schuhwerk für den Zwerg!;2018-10-08;UC1-VOKyTJrgLiBeiJqzeIUQ
A66YrnDU928;JP Performance - Porsche 356 Carrera | Die Technik!;2018-09-29;UC1-VOKyTJrgLiBeiJqzeIUQ
C36-HxrjQyU;JP Performance - Mit dem RWB auf dem Bilster Berg!;2018-08-07;UC1-VOKyTJrgLiBeiJqzeIUQ
HhfvbnL0K2A;JP Performance - Der GT2 RS Rekord Fahrer! | Porsche 911 GT2 RS;2018-07-23;UC1-VOKyTJrgLiBeiJqzeIUQ
mYDP3qLlyTE;JP Performance - GT2 RS Fahren! | Teil 2;2018-07-16;UC1-VOKyTJrgLiBeiJqzeIUQ
qjpHzFExXQQ;JP Performance - Die Bugatti Tragödie | Die Reise nach Bella Italia!;2018-06-29;UC1-VOKyTJrgLiBeiJqzeIUQ
wVb9VUA8CKM;JP Performance - Das Pagani-Museum | Die Reise nach Bella Italia!;2018-06-27;UC1-VOKyTJrgLiBeiJqzeIUQ
cqBFVb-qlJE;JP Performance - So funktioniert JP Performance ! 1000 Videos Special;2018-06-11;UC1-VOKyTJrgLiBeiJqzeIUQ
ja3-dv9dJWo;JP Performance - Marco's Turbo Cabrio | Auf der Rolle!;2018-03-28;UC1-VOKyTJrgLiBeiJqzeIUQ
2U1gsUpG4nY;JP Performance - Multipla mit NOS;2017-08-28;UC1-VOKyTJrgLiBeiJqzeIUQ
XQvA7S_JiF0;JP Performance - Lexus RC-F | Abgasanlage Einbau;2017-07-10;UC1-VOKyTJrgLiBeiJqzeIUQ
GDJfU5MWotE;JP Performance - Überraschung für den Kraemo! | Teil 1;2017-04-27;UC1-VOKyTJrgLiBeiJqzeIUQ
lKdD9cPaFZo;JP Performance - Der Wahnsinn geht weiter!;2017-03-21;UC1-VOKyTJrgLiBeiJqzeIUQ
aajE9Negigw;JP Performance - Tesla P100D | Reaktionen!;2017-02-22;UC1-VOKyTJrgLiBeiJqzeIUQ
KyldZ3Ilaig;JP Performance - So sind wir und das ist auch gut so!;2016-09-28;UC1-VOKyTJrgLiBeiJqzeIUQ
ZRtBLFKZqEg;JP Performance - Olli's Streetart Golf | Car Porn;2016-08-23;UC1-VOKyTJrgLiBeiJqzeIUQ
E7EadWAYen4;JP Performance - MIAMI DREAM | Dream Girl;2016-05-12;UC1-VOKyTJrgLiBeiJqzeIUQ
m9kgn432wGo;JP Performance - Road to 95 / Pumpen / Folge 6 / Teil 1;2015-07-20;UC1-VOKyTJrgLiBeiJqzeIUQ
AYSy3pohIaE;JP Performance - Road to 95 / Abgasrückführung / Folge 5 / Teil 1;2015-06-22;UC1-VOKyTJrgLiBeiJqzeIUQ
fZuNJFFH4FY;JP PERFORMANCE GOES SEMA - TAG 2;2014-11-11;UC1-VOKyTJrgLiBeiJqzeIUQ
PoCSbrxUIVc;Das Traktor-Taxi mit J.P. - Folge 2 / 2013 / de;2013-10-28;UC1-VOKyTJrgLiBeiJqzeIUQ
